DateSK,Date,Day,DaySuffix,DayOfWeek,DOWInMonth,DayOfYear,WeekOfYear,WeekOfMonth,Month,MonthName,Quarter,QuarterName,Year,StandardDate
19960107,1/7/1996,07,7th,Sunday,1,7,2,2,01,January,1,First,1996,01/07/1996
19960108,1/8/1996,08,8th,Monday,1,8,2,2,01,January,1,First,1996,01/08/1996
19960109,1/9/1996,09,9th,Tuesday,1,9,2,2,01,January,1,First,1996,01/09/1996
19960110,1/10/1996,10,10th,Wednesday,1,10,2,2,01,January,1,First,1996,01/10/1996
19960111,1/11/1996,11,11th,Thursday,1,11,2,2,01,January,1,First,1996,01/11/1996
19960112,1/12/1996,12,12th,Friday,1,12,2,2,01,January,1,First,1996,01/12/1996
19960113,1/13/1996,13,13th,Saturday,1,13,2,2,01,January,1,First,1996,01/13/1996
19960114,1/14/1996,14,14th,Sunday,2,14,3,3,01,January,1,First,1996,01/14/1996
19960115,1/15/1996,15,15th,Monday,2,15,3,3,01,January,1,First,1996,01/15/1996
19960116,1/16/1996,16,16th,Tuesday,2,16,3,3,01,January,1,First,1996,01/16/1996
19960117,1/17/1996,17,17th,Wednesday,2,17,3,3,01,January,1,First,1996,01/17/1996
19960118,1/18/1996,18,18th,Thursday,2,18,3,3,01,January,1,First,1996,01/18/1996
19960119,1/19/1996,19,19th,Friday,2,19,3,3,01,January,1,First,1996,01/19/1996
19960120,1/20/1996,20,20th,Saturday,2,20,3,3,01,January,1,First,1996,01/20/1996
19960121,1/21/1996,21,21st,Sunday,3,21,4,4,01,January,1,First,1996,01/21/1996
19960122,1/22/1996,22,22nd,Monday,3,22,4,4,01,January,1,First,1996,01/22/1996
19960123,1/23/1996,23,23rd,Tuesday,3,23,4,4,01,January,1,First,1996,01/23/1996
19960124,1/24/1996,24,24th,Wednesday,3,24,4,4,01,January,1,First,1996,01/24/1996
19960125,1/25/1996,25,25th,Thursday,3,25,4,4,01,January,1,First,1996,01/25/1996
19960126,1/26/1996,26,26th,Friday,3,26,4,4,01,January,1,First,1996,01/26/1996
19960127,1/27/1996,27,27th,Saturday,3,27,4,4,01,January,1,First,1996,01/27/1996
19960128,1/28/1996,28,28th,Sunday,4,28,5,5,01,January,1,First,1996,01/28/1996
19960129,1/29/1996,29,29th,Monday,4,29,5,5,01,January,1,First,1996,01/29/1996
19960130,1/30/1996,30,30th,Tuesday,4,30,5,5,01,January,1,First,1996,01/30/1996
19960131,1/31/1996,31,31st,Wednesday,4,31,5,5,01,January,1,First,1996,01/31/1996
19960201,2/1/1996,01,1st,Thursday,1,32,5,1,02,February,1,First,1996,02/01/1996
19960202,2/2/1996,02,2nd,Friday,1,33,5,1,02,February,1,First,1996,02/02/1996
19960203,2/3/1996,03,3rd,Saturday,1,34,5,1,02,February,1,First,1996,02/03/1996
19960204,2/4/1996,04,4th,Sunday,1,35,6,2,02,February,1,First,1996,02/04/1996
19960205,2/5/1996,05,5th,Monday,1,36,6,2,02,February,1,First,1996,02/05/1996
19960206,2/6/1996,06,6th,Tuesday,1,37,6,2,02,February,1,First,1996,02/06/1996
19960207,2/7/1996,07,7th,Wednesday,1,38,6,2,02,February,1,First,1996,02/07/1996
19960208,2/8/1996,08,8th,Thursday,2,39,6,2,02,February,1,First,1996,02/08/1996
19960209,2/9/1996,09,9th,Friday,2,40,6,2,02,February,1,First,1996,02/09/1996
19960210,2/10/1996,10,10th,Saturday,2,41,6,2,02,February,1,First,1996,02/10/1996
19960211,2/11/1996,11,11th,Sunday,2,42,7,3,02,February,1,First,1996,02/11/1996
19960212,2/12/1996,12,12th,Monday,2,43,7,3,02,February,1,First,1996,02/12/1996
19960213,2/13/1996,13,13th,Tuesday,2,44,7,3,02,February,1,First,1996,02/13/1996
19960214,2/14/1996,14,14th,Wednesday,2,45,7,3,02,February,1,First,1996,02/14/1996
19960215,2/15/1996,15,15th,Thursday,3,46,7,3,02,February,1,First,1996,02/15/1996
19960216,2/16/1996,16,16th,Friday,3,47,7,3,02,February,1,First,1996,02/16/1996
19960217,2/17/1996,17,17th,Saturday,3,48,7,3,02,February,1,First,1996,02/17/1996
19960218,2/18/1996,18,18th,Sunday,3,49,8,4,02,February,1,First,1996,02/18/1996
19960219,2/19/1996,19,19th,Monday,3,50,8,4,02,February,1,First,1996,02/19/1996
19960220,2/20/1996,20,20th,Tuesday,3,51,8,4,02,February,1,First,1996,02/20/1996
19960221,2/21/1996,21,21st,Wednesday,3,52,8,4,02,February,1,First,1996,02/21/1996
19960222,2/22/1996,22,22nd,Thursday,4,53,8,4,02,February,1,First,1996,02/22/1996
19960223,2/23/1996,23,23rd,Friday,4,54,8,4,02,February,1,First,1996,02/23/1996
19960224,2/24/1996,24,24th,Saturday,4,55,8,4,02,February,1,First,1996,02/24/1996
19960225,2/25/1996,25,25th,Sunday,4,56,9,5,02,February,1,First,1996,02/25/1996
19960226,2/26/1996,26,26th,Monday,4,57,9,5,02,February,1,First,1996,02/26/1996
19960227,2/27/1996,27,27th,Tuesday,4,58,9,5,02,February,1,First,1996,02/27/1996
19960228,2/28/1996,28,28th,Wednesday,4,59,9,5,02,February,1,First,1996,02/28/1996
19960229,2/29/1996,29,29th,Thursday,5,60,9,5,02,February,1,First,1996,02/29/1996
19960301,3/1/1996,01,1st,Friday,1,61,9,1,03,March,1,First,1996,03/01/1996
19960302,3/2/1996,02,2nd,Saturday,1,62,9,1,03,March,1,First,1996,03/02/1996
19960303,3/3/1996,03,3rd,Sunday,1,63,10,2,03,March,1,First,1996,03/03/1996
19960304,3/4/1996,04,4th,Monday,1,64,10,2,03,March,1,First,1996,03/04/1996
19960305,3/5/1996,05,5th,Tuesday,1,65,10,2,03,March,1,First,1996,03/05/1996
19960306,3/6/1996,06,6th,Wednesday,1,66,10,2,03,March,1,First,1996,03/06/1996
19960307,3/7/1996,07,7th,Thursday,1,67,10,2,03,March,1,First,1996,03/07/1996
19960308,3/8/1996,08,8th,Friday,2,68,10,2,03,March,1,First,1996,03/08/1996
19960309,3/9/1996,09,9th,Saturday,2,69,10,2,03,March,1,First,1996,03/09/1996
19960310,3/10/1996,10,10th,Sunday,2,70,11,3,03,March,1,First,1996,03/10/1996
19960311,3/11/1996,11,11th,Monday,2,71,11,3,03,March,1,First,1996,03/11/1996
19960312,3/12/1996,12,12th,Tuesday,2,72,11,3,03,March,1,First,1996,03/12/1996
19960313,3/13/1996,13,13th,Wednesday,2,73,11,3,03,March,1,First,1996,03/13/1996
19960314,3/14/1996,14,14th,Thursday,2,74,11,3,03,March,1,First,1996,03/14/1996
19960315,3/15/1996,15,15th,Friday,3,75,11,3,03,March,1,First,1996,03/15/1996
19960316,3/16/1996,16,16th,Saturday,3,76,11,3,03,March,1,First,1996,03/16/1996
19960317,3/17/1996,17,17th,Sunday,3,77,12,4,03,March,1,First,1996,03/17/1996
19960318,3/18/1996,18,18th,Monday,3,78,12,4,03,March,1,First,1996,03/18/1996
19960319,3/19/1996,19,19th,Tuesday,3,79,12,4,03,March,1,First,1996,03/19/1996
19960320,3/20/1996,20,20th,Wednesday,3,80,12,4,03,March,1,First,1996,03/20/1996
19960321,3/21/1996,21,21st,Thursday,3,81,12,4,03,March,1,First,1996,03/21/1996
19960322,3/22/1996,22,22nd,Friday,4,82,12,4,03,March,1,First,1996,03/22/1996
19960323,3/23/1996,23,23rd,Saturday,4,83,12,4,03,March,1,First,1996,03/23/1996
19960324,3/24/1996,24,24th,Sunday,4,84,13,5,03,March,1,First,1996,03/24/1996
19960325,3/25/1996,25,25th,Monday,4,85,13,5,03,March,1,First,1996,03/25/1996
19960326,3/26/1996,26,26th,Tuesday,4,86,13,5,03,March,1,First,1996,03/26/1996
19960327,3/27/1996,27,27th,Wednesday,4,87,13,5,03,March,1,First,1996,03/27/1996
19960328,3/28/1996,28,28th,Thursday,4,88,13,5,03,March,1,First,1996,03/28/1996
19960329,3/29/1996,29,29th,Friday,5,89,13,5,03,March,1,First,1996,03/29/1996
19960330,3/30/1996,30,30th,Saturday,5,90,13,5,03,March,1,First,1996,03/30/1996
19960331,3/31/1996,31,31st,Sunday,5,91,14,6,03,March,1,First,1996,03/31/1996
19960401,4/1/1996,01,1st,Monday,1,92,14,1,04,April,2,Second,1996,04/01/1996
19960402,4/2/1996,02,2nd,Tuesday,1,93,14,1,04,April,2,Second,1996,04/02/1996
19960403,4/3/1996,03,3rd,Wednesday,1,94,14,1,04,April,2,Second,1996,04/03/1996
19960404,4/4/1996,04,4th,Thursday,1,95,14,1,04,April,2,Second,1996,04/04/1996
19960405,4/5/1996,05,5th,Friday,1,96,14,1,04,April,2,Second,1996,04/05/1996
19960406,4/6/1996,06,6th,Saturday,1,97,14,1,04,April,2,Second,1996,04/06/1996
19960407,4/7/1996,07,7th,Sunday,1,98,15,2,04,April,2,Second,1996,04/07/1996
19960408,4/8/1996,08,8th,Monday,2,99,15,2,04,April,2,Second,1996,04/08/1996
19960409,4/9/1996,09,9th,Tuesday,2,100,15,2,04,April,2,Second,1996,04/09/1996
19960410,4/10/1996,10,10th,Wednesday,2,101,15,2,04,April,2,Second,1996,04/10/1996
19960411,4/11/1996,11,11th,Thursday,2,102,15,2,04,April,2,Second,1996,04/11/1996
19960412,4/12/1996,12,12th,Friday,2,103,15,2,04,April,2,Second,1996,04/12/1996
19960413,4/13/1996,13,13th,Saturday,2,104,15,2,04,April,2,Second,1996,04/13/1996
19960414,4/14/1996,14,14th,Sunday,2,105,16,3,04,April,2,Second,1996,04/14/1996
19960415,4/15/1996,15,15th,Monday,3,106,16,3,04,April,2,Second,1996,04/15/1996
19960416,4/16/1996,16,16th,Tuesday,3,107,16,3,04,April,2,Second,1996,04/16/1996
19960417,4/17/1996,17,17th,Wednesday,3,108,16,3,04,April,2,Second,1996,04/17/1996
19960418,4/18/1996,18,18th,Thursday,3,109,16,3,04,April,2,Second,1996,04/18/1996
19960419,4/19/1996,19,19th,Friday,3,110,16,3,04,April,2,Second,1996,04/19/1996
19960420,4/20/1996,20,20th,Saturday,3,111,16,3,04,April,2,Second,1996,04/20/1996
19960421,4/21/1996,21,21st,Sunday,3,112,17,4,04,April,2,Second,1996,04/21/1996
19960422,4/22/1996,22,22nd,Monday,4,113,17,4,04,April,2,Second,1996,04/22/1996
19960423,4/23/1996,23,23rd,Tuesday,4,114,17,4,04,April,2,Second,1996,04/23/1996
19960424,4/24/1996,24,24th,Wednesday,4,115,17,4,04,April,2,Second,1996,04/24/1996
19960425,4/25/1996,25,25th,Thursday,4,116,17,4,04,April,2,Second,1996,04/25/1996
19960426,4/26/1996,26,26th,Friday,4,117,17,4,04,April,2,Second,1996,04/26/1996
19960427,4/27/1996,27,27th,Saturday,4,118,17,4,04,April,2,Second,1996,04/27/1996
19960428,4/28/1996,28,28th,Sunday,4,119,18,5,04,April,2,Second,1996,04/28/1996
19960429,4/29/1996,29,29th,Monday,5,120,18,5,04,April,2,Second,1996,04/29/1996
19960430,4/30/1996,30,30th,Tuesday,5,121,18,5,04,April,2,Second,1996,04/30/1996
19960501,5/1/1996,01,1st,Wednesday,1,122,18,1,05,May,2,Second,1996,05/01/1996
19960502,5/2/1996,02,2nd,Thursday,1,123,18,1,05,May,2,Second,1996,05/02/1996
19960503,5/3/1996,03,3rd,Friday,1,124,18,1,05,May,2,Second,1996,05/03/1996
19960504,5/4/1996,04,4th,Saturday,1,125,18,1,05,May,2,Second,1996,05/04/1996
19960505,5/5/1996,05,5th,Sunday,1,126,19,2,05,May,2,Second,1996,05/05/1996
19960506,5/6/1996,06,6th,Monday,1,127,19,2,05,May,2,Second,1996,05/06/1996
19960507,5/7/1996,07,7th,Tuesday,1,128,19,2,05,May,2,Second,1996,05/07/1996
19960508,5/8/1996,08,8th,Wednesday,2,129,19,2,05,May,2,Second,1996,05/08/1996
19960509,5/9/1996,09,9th,Thursday,2,130,19,2,05,May,2,Second,1996,05/09/1996
19960510,5/10/1996,10,10th,Friday,2,131,19,2,05,May,2,Second,1996,05/10/1996
19960511,5/11/1996,11,11th,Saturday,2,132,19,2,05,May,2,Second,1996,05/11/1996
19960512,5/12/1996,12,12th,Sunday,2,133,20,3,05,May,2,Second,1996,05/12/1996
19960513,5/13/1996,13,13th,Monday,2,134,20,3,05,May,2,Second,1996,05/13/1996
19960514,5/14/1996,14,14th,Tuesday,2,135,20,3,05,May,2,Second,1996,05/14/1996
19960515,5/15/1996,15,15th,Wednesday,3,136,20,3,05,May,2,Second,1996,05/15/1996
19960516,5/16/1996,16,16th,Thursday,3,137,20,3,05,May,2,Second,1996,05/16/1996
19960517,5/17/1996,17,17th,Friday,3,138,20,3,05,May,2,Second,1996,05/17/1996
19960518,5/18/1996,18,18th,Saturday,3,139,20,3,05,May,2,Second,1996,05/18/1996
19960519,5/19/1996,19,19th,Sunday,3,140,21,4,05,May,2,Second,1996,05/19/1996
19960520,5/20/1996,20,20th,Monday,3,141,21,4,05,May,2,Second,1996,05/20/1996
19960521,5/21/1996,21,21st,Tuesday,3,142,21,4,05,May,2,Second,1996,05/21/1996
19960522,5/22/1996,22,22nd,Wednesday,4,143,21,4,05,May,2,Second,1996,05/22/1996
19960523,5/23/1996,23,23rd,Thursday,4,144,21,4,05,May,2,Second,1996,05/23/1996
19960524,5/24/1996,24,24th,Friday,4,145,21,4,05,May,2,Second,1996,05/24/1996
19960525,5/25/1996,25,25th,Saturday,4,146,21,4,05,May,2,Second,1996,05/25/1996
19960526,5/26/1996,26,26th,Sunday,4,147,22,5,05,May,2,Second,1996,05/26/1996
19960527,5/27/1996,27,27th,Monday,4,148,22,5,05,May,2,Second,1996,05/27/1996
19960528,5/28/1996,28,28th,Tuesday,4,149,22,5,05,May,2,Second,1996,05/28/1996
19960529,5/29/1996,29,29th,Wednesday,5,150,22,5,05,May,2,Second,1996,05/29/1996
19960530,5/30/1996,30,30th,Thursday,5,151,22,5,05,May,2,Second,1996,05/30/1996
19960531,5/31/1996,31,31st,Friday,5,152,22,5,05,May,2,Second,1996,05/31/1996
19960601,6/1/1996,01,1st,Saturday,1,153,22,1,06,June,2,Second,1996,06/01/1996
19960602,6/2/1996,02,2nd,Sunday,1,154,23,2,06,June,2,Second,1996,06/02/1996
19960603,6/3/1996,03,3rd,Monday,1,155,23,2,06,June,2,Second,1996,06/03/1996
19960604,6/4/1996,04,4th,Tuesday,1,156,23,2,06,June,2,Second,1996,06/04/1996
19960605,6/5/1996,05,5th,Wednesday,1,157,23,2,06,June,2,Second,1996,06/05/1996
19960606,6/6/1996,06,6th,Thursday,1,158,23,2,06,June,2,Second,1996,06/06/1996
19960607,6/7/1996,07,7th,Friday,1,159,23,2,06,June,2,Second,1996,06/07/1996
19960608,6/8/1996,08,8th,Saturday,2,160,23,2,06,June,2,Second,1996,06/08/1996
19960609,6/9/1996,09,9th,Sunday,2,161,24,3,06,June,2,Second,1996,06/09/1996
19960610,6/10/1996,10,10th,Monday,2,162,24,3,06,June,2,Second,1996,06/10/1996
19960611,6/11/1996,11,11th,Tuesday,2,163,24,3,06,June,2,Second,1996,06/11/1996
19960612,6/12/1996,12,12th,Wednesday,2,164,24,3,06,June,2,Second,1996,06/12/1996
19960613,6/13/1996,13,13th,Thursday,2,165,24,3,06,June,2,Second,1996,06/13/1996
19960614,6/14/1996,14,14th,Friday,2,166,24,3,06,June,2,Second,1996,06/14/1996
19960615,6/15/1996,15,15th,Saturday,3,167,24,3,06,June,2,Second,1996,06/15/1996
19960616,6/16/1996,16,16th,Sunday,3,168,25,4,06,June,2,Second,1996,06/16/1996
19960617,6/17/1996,17,17th,Monday,3,169,25,4,06,June,2,Second,1996,06/17/1996
19960618,6/18/1996,18,18th,Tuesday,3,170,25,4,06,June,2,Second,1996,06/18/1996
19960619,6/19/1996,19,19th,Wednesday,3,171,25,4,06,June,2,Second,1996,06/19/1996
19960620,6/20/1996,20,20th,Thursday,3,172,25,4,06,June,2,Second,1996,06/20/1996
19960621,6/21/1996,21,21st,Friday,3,173,25,4,06,June,2,Second,1996,06/21/1996
19960622,6/22/1996,22,22nd,Saturday,4,174,25,4,06,June,2,Second,1996,06/22/1996
19960623,6/23/1996,23,23rd,Sunday,4,175,26,5,06,June,2,Second,1996,06/23/1996
19960624,6/24/1996,24,24th,Monday,4,176,26,5,06,June,2,Second,1996,06/24/1996
19960625,6/25/1996,25,25th,Tuesday,4,177,26,5,06,June,2,Second,1996,06/25/1996
19960626,6/26/1996,26,26th,Wednesday,4,178,26,5,06,June,2,Second,1996,06/26/1996
19960627,6/27/1996,27,27th,Thursday,4,179,26,5,06,June,2,Second,1996,06/27/1996
19960628,6/28/1996,28,28th,Friday,4,180,26,5,06,June,2,Second,1996,06/28/1996
19960629,6/29/1996,29,29th,Saturday,5,181,26,5,06,June,2,Second,1996,06/29/1996
19960630,6/30/1996,30,30th,Sunday,5,182,27,6,06,June,2,Second,1996,06/30/1996
19960701,7/1/1996,01,1st,Monday,1,183,27,1,07,July,3,Third,1996,07/01/1996
19960702,7/2/1996,02,2nd,Tuesday,1,184,27,1,07,July,3,Third,1996,07/02/1996
19960703,7/3/1996,03,3rd,Wednesday,1,185,27,1,07,July,3,Third,1996,07/03/1996
19960704,7/4/1996,04,4th,Thursday,1,186,27,1,07,July,3,Third,1996,07/04/1996
19960705,7/5/1996,05,5th,Friday,1,187,27,1,07,July,3,Third,1996,07/05/1996
19960706,7/6/1996,06,6th,Saturday,1,188,27,1,07,July,3,Third,1996,07/06/1996
19960707,7/7/1996,07,7th,Sunday,1,189,28,2,07,July,3,Third,1996,07/07/1996
19960708,7/8/1996,08,8th,Monday,2,190,28,2,07,July,3,Third,1996,07/08/1996
19960709,7/9/1996,09,9th,Tuesday,2,191,28,2,07,July,3,Third,1996,07/09/1996
19960710,7/10/1996,10,10th,Wednesday,2,192,28,2,07,July,3,Third,1996,07/10/1996
19960711,7/11/1996,11,11th,Thursday,2,193,28,2,07,July,3,Third,1996,07/11/1996
19960712,7/12/1996,12,12th,Friday,2,194,28,2,07,July,3,Third,1996,07/12/1996
19960713,7/13/1996,13,13th,Saturday,2,195,28,2,07,July,3,Third,1996,07/13/1996
19960714,7/14/1996,14,14th,Sunday,2,196,29,3,07,July,3,Third,1996,07/14/1996
19960715,7/15/1996,15,15th,Monday,3,197,29,3,07,July,3,Third,1996,07/15/1996
19960716,7/16/1996,16,16th,Tuesday,3,198,29,3,07,July,3,Third,1996,07/16/1996
19960717,7/17/1996,17,17th,Wednesday,3,199,29,3,07,July,3,Third,1996,07/17/1996
19960718,7/18/1996,18,18th,Thursday,3,200,29,3,07,July,3,Third,1996,07/18/1996
19960719,7/19/1996,19,19th,Friday,3,201,29,3,07,July,3,Third,1996,07/19/1996
19960720,7/20/1996,20,20th,Saturday,3,202,29,3,07,July,3,Third,1996,07/20/1996
19960721,7/21/1996,21,21st,Sunday,3,203,30,4,07,July,3,Third,1996,07/21/1996
19960722,7/22/1996,22,22nd,Monday,4,204,30,4,07,July,3,Third,1996,07/22/1996
19960723,7/23/1996,23,23rd,Tuesday,4,205,30,4,07,July,3,Third,1996,07/23/1996
19960724,7/24/1996,24,24th,Wednesday,4,206,30,4,07,July,3,Third,1996,07/24/1996
19960725,7/25/1996,25,25th,Thursday,4,207,30,4,07,July,3,Third,1996,07/25/1996
19960726,7/26/1996,26,26th,Friday,4,208,30,4,07,July,3,Third,1996,07/26/1996
19960727,7/27/1996,27,27th,Saturday,4,209,30,4,07,July,3,Third,1996,07/27/1996
19960728,7/28/1996,28,28th,Sunday,4,210,31,5,07,July,3,Third,1996,07/28/1996
19960729,7/29/1996,29,29th,Monday,5,211,31,5,07,July,3,Third,1996,07/29/1996
19960730,7/30/1996,30,30th,Tuesday,5,212,31,5,07,July,3,Third,1996,07/30/1996
19960731,7/31/1996,31,31st,Wednesday,5,213,31,5,07,July,3,Third,1996,07/31/1996
19960801,8/1/1996,01,1st,Thursday,1,214,31,1,08,August,3,Third,1996,08/01/1996
19960802,8/2/1996,02,2nd,Friday,1,215,31,1,08,August,3,Third,1996,08/02/1996
19960803,8/3/1996,03,3rd,Saturday,1,216,31,1,08,August,3,Third,1996,08/03/1996
19960804,8/4/1996,04,4th,Sunday,1,217,32,2,08,August,3,Third,1996,08/04/1996
19960805,8/5/1996,05,5th,Monday,1,218,32,2,08,August,3,Third,1996,08/05/1996
19960806,8/6/1996,06,6th,Tuesday,1,219,32,2,08,August,3,Third,1996,08/06/1996
19960807,8/7/1996,07,7th,Wednesday,1,220,32,2,08,August,3,Third,1996,08/07/1996
19960808,8/8/1996,08,8th,Thursday,2,221,32,2,08,August,3,Third,1996,08/08/1996
19960809,8/9/1996,09,9th,Friday,2,222,32,2,08,August,3,Third,1996,08/09/1996
19960810,8/10/1996,10,10th,Saturday,2,223,32,2,08,August,3,Third,1996,08/10/1996
19960811,8/11/1996,11,11th,Sunday,2,224,33,3,08,August,3,Third,1996,08/11/1996
19960812,8/12/1996,12,12th,Monday,2,225,33,3,08,August,3,Third,1996,08/12/1996
19960813,8/13/1996,13,13th,Tuesday,2,226,33,3,08,August,3,Third,1996,08/13/1996
19960814,8/14/1996,14,14th,Wednesday,2,227,33,3,08,August,3,Third,1996,08/14/1996
19960815,8/15/1996,15,15th,Thursday,3,228,33,3,08,August,3,Third,1996,08/15/1996
19960816,8/16/1996,16,16th,Friday,3,229,33,3,08,August,3,Third,1996,08/16/1996
19960817,8/17/1996,17,17th,Saturday,3,230,33,3,08,August,3,Third,1996,08/17/1996
19960818,8/18/1996,18,18th,Sunday,3,231,34,4,08,August,3,Third,1996,08/18/1996
19960819,8/19/1996,19,19th,Monday,3,232,34,4,08,August,3,Third,1996,08/19/1996
19960820,8/20/1996,20,20th,Tuesday,3,233,34,4,08,August,3,Third,1996,08/20/1996
19960821,8/21/1996,21,21st,Wednesday,3,234,34,4,08,August,3,Third,1996,08/21/1996
19960822,8/22/1996,22,22nd,Thursday,4,235,34,4,08,August,3,Third,1996,08/22/1996
19960823,8/23/1996,23,23rd,Friday,4,236,34,4,08,August,3,Third,1996,08/23/1996
19960824,8/24/1996,24,24th,Saturday,4,237,34,4,08,August,3,Third,1996,08/24/1996
19960825,8/25/1996,25,25th,Sunday,4,238,35,5,08,August,3,Third,1996,08/25/1996
19960826,8/26/1996,26,26th,Monday,4,239,35,5,08,August,3,Third,1996,08/26/1996
19960827,8/27/1996,27,27th,Tuesday,4,240,35,5,08,August,3,Third,1996,08/27/1996
19960828,8/28/1996,28,28th,Wednesday,4,241,35,5,08,August,3,Third,1996,08/28/1996
19960829,8/29/1996,29,29th,Thursday,5,242,35,5,08,August,3,Third,1996,08/29/1996
19960830,8/30/1996,30,30th,Friday,5,243,35,5,08,August,3,Third,1996,08/30/1996
19960831,8/31/1996,31,31st,Saturday,5,244,35,5,08,August,3,Third,1996,08/31/1996
19960901,9/1/1996,01,1st,Sunday,1,245,36,1,09,September,3,Third,1996,09/01/1996
19960902,9/2/1996,02,2nd,Monday,1,246,36,1,09,September,3,Third,1996,09/02/1996
19960903,9/3/1996,03,3rd,Tuesday,1,247,36,1,09,September,3,Third,1996,09/03/1996
19960904,9/4/1996,04,4th,Wednesday,1,248,36,1,09,September,3,Third,1996,09/04/1996
19960905,9/5/1996,05,5th,Thursday,1,249,36,1,09,September,3,Third,1996,09/05/1996
19960906,9/6/1996,06,6th,Friday,1,250,36,1,09,September,3,Third,1996,09/06/1996
19960907,9/7/1996,07,7th,Saturday,1,251,36,1,09,September,3,Third,1996,09/07/1996
19960908,9/8/1996,08,8th,Sunday,2,252,37,2,09,September,3,Third,1996,09/08/1996
19960909,9/9/1996,09,9th,Monday,2,253,37,2,09,September,3,Third,1996,09/09/1996
19960910,9/10/1996,10,10th,Tuesday,2,254,37,2,09,September,3,Third,1996,09/10/1996
19960911,9/11/1996,11,11th,Wednesday,2,255,37,2,09,September,3,Third,1996,09/11/1996
19960912,9/12/1996,12,12th,Thursday,2,256,37,2,09,September,3,Third,1996,09/12/1996
19960913,9/13/1996,13,13th,Friday,2,257,37,2,09,September,3,Third,1996,09/13/1996
19960914,9/14/1996,14,14th,Saturday,2,258,37,2,09,September,3,Third,1996,09/14/1996
19960915,9/15/1996,15,15th,Sunday,3,259,38,3,09,September,3,Third,1996,09/15/1996
19960916,9/16/1996,16,16th,Monday,3,260,38,3,09,September,3,Third,1996,09/16/1996
19960917,9/17/1996,17,17th,Tuesday,3,261,38,3,09,September,3,Third,1996,09/17/1996
19960918,9/18/1996,18,18th,Wednesday,3,262,38,3,09,September,3,Third,1996,09/18/1996
19960919,9/19/1996,19,19th,Thursday,3,263,38,3,09,September,3,Third,1996,09/19/1996
19960920,9/20/1996,20,20th,Friday,3,264,38,3,09,September,3,Third,1996,09/20/1996
19960921,9/21/1996,21,21st,Saturday,3,265,38,3,09,September,3,Third,1996,09/21/1996
19960922,9/22/1996,22,22nd,Sunday,4,266,39,4,09,September,3,Third,1996,09/22/1996
19960923,9/23/1996,23,23rd,Monday,4,267,39,4,09,September,3,Third,1996,09/23/1996
19960924,9/24/1996,24,24th,Tuesday,4,268,39,4,09,September,3,Third,1996,09/24/1996
19960925,9/25/1996,25,25th,Wednesday,4,269,39,4,09,September,3,Third,1996,09/25/1996
19960926,9/26/1996,26,26th,Thursday,4,270,39,4,09,September,3,Third,1996,09/26/1996
19960927,9/27/1996,27,27th,Friday,4,271,39,4,09,September,3,Third,1996,09/27/1996
19960928,9/28/1996,28,28th,Saturday,4,272,39,4,09,September,3,Third,1996,09/28/1996
19960929,9/29/1996,29,29th,Sunday,5,273,40,5,09,September,3,Third,1996,09/29/1996
19960930,9/30/1996,30,30th,Monday,5,274,40,5,09,September,3,Third,1996,09/30/1996
19961001,10/1/1996,01,1st,Tuesday,1,275,40,1,10,October,4,Fourth,1996,10/01/1996
19961002,10/2/1996,02,2nd,Wednesday,1,276,40,1,10,October,4,Fourth,1996,10/02/1996
19961003,10/3/1996,03,3rd,Thursday,1,277,40,1,10,October,4,Fourth,1996,10/03/1996
19961004,10/4/1996,04,4th,Friday,1,278,40,1,10,October,4,Fourth,1996,10/04/1996
19961005,10/5/1996,05,5th,Saturday,1,279,40,1,10,October,4,Fourth,1996,10/05/1996
19961006,10/6/1996,06,6th,Sunday,1,280,41,2,10,October,4,Fourth,1996,10/06/1996
19961007,10/7/1996,07,7th,Monday,1,281,41,2,10,October,4,Fourth,1996,10/07/1996
19961008,10/8/1996,08,8th,Tuesday,2,282,41,2,10,October,4,Fourth,1996,10/08/1996
19961009,10/9/1996,09,9th,Wednesday,2,283,41,2,10,October,4,Fourth,1996,10/09/1996
19961010,10/10/1996,10,10th,Thursday,2,284,41,2,10,October,4,Fourth,1996,10/10/1996
19961011,10/11/1996,11,11th,Friday,2,285,41,2,10,October,4,Fourth,1996,10/11/1996
19961012,10/12/1996,12,12th,Saturday,2,286,41,2,10,October,4,Fourth,1996,10/12/1996
19961013,10/13/1996,13,13th,Sunday,2,287,42,3,10,October,4,Fourth,1996,10/13/1996
19961014,10/14/1996,14,14th,Monday,2,288,42,3,10,October,4,Fourth,1996,10/14/1996
19961015,10/15/1996,15,15th,Tuesday,3,289,42,3,10,October,4,Fourth,1996,10/15/1996
19961016,10/16/1996,16,16th,Wednesday,3,290,42,3,10,October,4,Fourth,1996,10/16/1996
19961017,10/17/1996,17,17th,Thursday,3,291,42,3,10,October,4,Fourth,1996,10/17/1996
19961018,10/18/1996,18,18th,Friday,3,292,42,3,10,October,4,Fourth,1996,10/18/1996
19961019,10/19/1996,19,19th,Saturday,3,293,42,3,10,October,4,Fourth,1996,10/19/1996
19961020,10/20/1996,20,20th,Sunday,3,294,43,4,10,October,4,Fourth,1996,10/20/1996
19961021,10/21/1996,21,21st,Monday,3,295,43,4,10,October,4,Fourth,1996,10/21/1996
19961022,10/22/1996,22,22nd,Tuesday,4,296,43,4,10,October,4,Fourth,1996,10/22/1996
19961023,10/23/1996,23,23rd,Wednesday,4,297,43,4,10,October,4,Fourth,1996,10/23/1996
19961024,10/24/1996,24,24th,Thursday,4,298,43,4,10,October,4,Fourth,1996,10/24/1996
19961025,10/25/1996,25,25th,Friday,4,299,43,4,10,October,4,Fourth,1996,10/25/1996
19961026,10/26/1996,26,26th,Saturday,4,300,43,4,10,October,4,Fourth,1996,10/26/1996
19961027,10/27/1996,27,27th,Sunday,4,301,44,5,10,October,4,Fourth,1996,10/27/1996
19961028,10/28/1996,28,28th,Monday,4,302,44,5,10,October,4,Fourth,1996,10/28/1996
19961029,10/29/1996,29,29th,Tuesday,5,303,44,5,10,October,4,Fourth,1996,10/29/1996
19961030,10/30/1996,30,30th,Wednesday,5,304,44,5,10,October,4,Fourth,1996,10/30/1996
19961031,10/31/1996,31,31st,Thursday,5,305,44,5,10,October,4,Fourth,1996,10/31/1996
19961101,11/1/1996,01,1st,Friday,1,306,44,1,11,November,4,Fourth,1996,11/01/1996
19961102,11/2/1996,02,2nd,Saturday,1,307,44,1,11,November,4,Fourth,1996,11/02/1996
19961103,11/3/1996,03,3rd,Sunday,1,308,45,2,11,November,4,Fourth,1996,11/03/1996
19961104,11/4/1996,04,4th,Monday,1,309,45,2,11,November,4,Fourth,1996,11/04/1996
19961105,11/5/1996,05,5th,Tuesday,1,310,45,2,11,November,4,Fourth,1996,11/05/1996
19961106,11/6/1996,06,6th,Wednesday,1,311,45,2,11,November,4,Fourth,1996,11/06/1996
19961107,11/7/1996,07,7th,Thursday,1,312,45,2,11,November,4,Fourth,1996,11/07/1996
19961108,11/8/1996,08,8th,Friday,2,313,45,2,11,November,4,Fourth,1996,11/08/1996
19961109,11/9/1996,09,9th,Saturday,2,314,45,2,11,November,4,Fourth,1996,11/09/1996
19961110,11/10/1996,10,10th,Sunday,2,315,46,3,11,November,4,Fourth,1996,11/10/1996
19961111,11/11/1996,11,11th,Monday,2,316,46,3,11,November,4,Fourth,1996,11/11/1996
19961112,11/12/1996,12,12th,Tuesday,2,317,46,3,11,November,4,Fourth,1996,11/12/1996
19961113,11/13/1996,13,13th,Wednesday,2,318,46,3,11,November,4,Fourth,1996,11/13/1996
19961114,11/14/1996,14,14th,Thursday,2,319,46,3,11,November,4,Fourth,1996,11/14/1996
19961115,11/15/1996,15,15th,Friday,3,320,46,3,11,November,4,Fourth,1996,11/15/1996
19961116,11/16/1996,16,16th,Saturday,3,321,46,3,11,November,4,Fourth,1996,11/16/1996
19961117,11/17/1996,17,17th,Sunday,3,322,47,4,11,November,4,Fourth,1996,11/17/1996
19961118,11/18/1996,18,18th,Monday,3,323,47,4,11,November,4,Fourth,1996,11/18/1996
19961119,11/19/1996,19,19th,Tuesday,3,324,47,4,11,November,4,Fourth,1996,11/19/1996
19961120,11/20/1996,20,20th,Wednesday,3,325,47,4,11,November,4,Fourth,1996,11/20/1996
19961121,11/21/1996,21,21st,Thursday,3,326,47,4,11,November,4,Fourth,1996,11/21/1996
19961122,11/22/1996,22,22nd,Friday,4,327,47,4,11,November,4,Fourth,1996,11/22/1996
19961123,11/23/1996,23,23rd,Saturday,4,328,47,4,11,November,4,Fourth,1996,11/23/1996
19961124,11/24/1996,24,24th,Sunday,4,329,48,5,11,November,4,Fourth,1996,11/24/1996
19961125,11/25/1996,25,25th,Monday,4,330,48,5,11,November,4,Fourth,1996,11/25/1996
19961126,11/26/1996,26,26th,Tuesday,4,331,48,5,11,November,4,Fourth,1996,11/26/1996
19961127,11/27/1996,27,27th,Wednesday,4,332,48,5,11,November,4,Fourth,1996,11/27/1996
19961128,11/28/1996,28,28th,Thursday,4,333,48,5,11,November,4,Fourth,1996,11/28/1996
19961129,11/29/1996,29,29th,Friday,5,334,48,5,11,November,4,Fourth,1996,11/29/1996
19961130,11/30/1996,30,30th,Saturday,5,335,48,5,11,November,4,Fourth,1996,11/30/1996
19961201,12/1/1996,01,1st,Sunday,1,336,49,1,12,December,4,Fourth,1996,12/01/1996
19961202,12/2/1996,02,2nd,Monday,1,337,49,1,12,December,4,Fourth,1996,12/02/1996
19961203,12/3/1996,03,3rd,Tuesday,1,338,49,1,12,December,4,Fourth,1996,12/03/1996
19961204,12/4/1996,04,4th,Wednesday,1,339,49,1,12,December,4,Fourth,1996,12/04/1996
19961205,12/5/1996,05,5th,Thursday,1,340,49,1,12,December,4,Fourth,1996,12/05/1996
19961206,12/6/1996,06,6th,Friday,1,341,49,1,12,December,4,Fourth,1996,12/06/1996
19961207,12/7/1996,07,7th,Saturday,1,342,49,1,12,December,4,Fourth,1996,12/07/1996
19961208,12/8/1996,08,8th,Sunday,2,343,50,2,12,December,4,Fourth,1996,12/08/1996
19961209,12/9/1996,09,9th,Monday,2,344,50,2,12,December,4,Fourth,1996,12/09/1996
19961210,12/10/1996,10,10th,Tuesday,2,345,50,2,12,December,4,Fourth,1996,12/10/1996
19961211,12/11/1996,11,11th,Wednesday,2,346,50,2,12,December,4,Fourth,1996,12/11/1996
19961212,12/12/1996,12,12th,Thursday,2,347,50,2,12,December,4,Fourth,1996,12/12/1996
19961213,12/13/1996,13,13th,Friday,2,348,50,2,12,December,4,Fourth,1996,12/13/1996
19961214,12/14/1996,14,14th,Saturday,2,349,50,2,12,December,4,Fourth,1996,12/14/1996
19961215,12/15/1996,15,15th,Sunday,3,350,51,3,12,December,4,Fourth,1996,12/15/1996
19961216,12/16/1996,16,16th,Monday,3,351,51,3,12,December,4,Fourth,1996,12/16/1996
19961217,12/17/1996,17,17th,Tuesday,3,352,51,3,12,December,4,Fourth,1996,12/17/1996
19961218,12/18/1996,18,18th,Wednesday,3,353,51,3,12,December,4,Fourth,1996,12/18/1996
19961219,12/19/1996,19,19th,Thursday,3,354,51,3,12,December,4,Fourth,1996,12/19/1996
19961220,12/20/1996,20,20th,Friday,3,355,51,3,12,December,4,Fourth,1996,12/20/1996
19961221,12/21/1996,21,21st,Saturday,3,356,51,3,12,December,4,Fourth,1996,12/21/1996
19961222,12/22/1996,22,22nd,Sunday,4,357,52,4,12,December,4,Fourth,1996,12/22/1996
19961223,12/23/1996,23,23rd,Monday,4,358,52,4,12,December,4,Fourth,1996,12/23/1996
19961224,12/24/1996,24,24th,Tuesday,4,359,52,4,12,December,4,Fourth,1996,12/24/1996
19961225,12/25/1996,25,25th,Wednesday,4,360,52,4,12,December,4,Fourth,1996,12/25/1996
19961226,12/26/1996,26,26th,Thursday,4,361,52,4,12,December,4,Fourth,1996,12/26/1996
19961227,12/27/1996,27,27th,Friday,4,362,52,4,12,December,4,Fourth,1996,12/27/1996
19961228,12/28/1996,28,28th,Saturday,4,363,52,4,12,December,4,Fourth,1996,12/28/1996
19961229,12/29/1996,29,29th,Sunday,5,364,53,5,12,December,4,Fourth,1996,12/29/1996
19961230,12/30/1996,30,30th,Monday,5,365,53,5,12,December,4,Fourth,1996,12/30/1996
19961231,12/31/1996,31,31st,Tuesday,5,366,53,5,12,December,4,Fourth,1996,12/31/1996
19970101,1/1/1997,01,1st,Wednesday,1,1,1,1,01,January,1,First,1997,01/01/1997
19970102,1/2/1997,02,2nd,Thursday,1,2,1,1,01,January,1,First,1997,01/02/1997
19970103,1/3/1997,03,3rd,Friday,1,3,1,1,01,January,1,First,1997,01/03/1997
19970104,1/4/1997,04,4th,Saturday,1,4,1,1,01,January,1,First,1997,01/04/1997
19970105,1/5/1997,05,5th,Sunday,1,5,2,2,01,January,1,First,1997,01/05/1997
19970106,1/6/1997,06,6th,Monday,1,6,2,2,01,January,1,First,1997,01/06/1997
19970107,1/7/1997,07,7th,Tuesday,1,7,2,2,01,January,1,First,1997,01/07/1997
19970108,1/8/1997,08,8th,Wednesday,2,8,2,2,01,January,1,First,1997,01/08/1997
19970109,1/9/1997,09,9th,Thursday,2,9,2,2,01,January,1,First,1997,01/09/1997
19970110,1/10/1997,10,10th,Friday,2,10,2,2,01,January,1,First,1997,01/10/1997
19970111,1/11/1997,11,11th,Saturday,2,11,2,2,01,January,1,First,1997,01/11/1997
19970112,1/12/1997,12,12th,Sunday,2,12,3,3,01,January,1,First,1997,01/12/1997
19970113,1/13/1997,13,13th,Monday,2,13,3,3,01,January,1,First,1997,01/13/1997
19970114,1/14/1997,14,14th,Tuesday,2,14,3,3,01,January,1,First,1997,01/14/1997
19970115,1/15/1997,15,15th,Wednesday,3,15,3,3,01,January,1,First,1997,01/15/1997
19970116,1/16/1997,16,16th,Thursday,3,16,3,3,01,January,1,First,1997,01/16/1997
19970117,1/17/1997,17,17th,Friday,3,17,3,3,01,January,1,First,1997,01/17/1997
19970118,1/18/1997,18,18th,Saturday,3,18,3,3,01,January,1,First,1997,01/18/1997
19970119,1/19/1997,19,19th,Sunday,3,19,4,4,01,January,1,First,1997,01/19/1997
19970120,1/20/1997,20,20th,Monday,3,20,4,4,01,January,1,First,1997,01/20/1997
19970121,1/21/1997,21,21st,Tuesday,3,21,4,4,01,January,1,First,1997,01/21/1997
19970122,1/22/1997,22,22nd,Wednesday,4,22,4,4,01,January,1,First,1997,01/22/1997
19970123,1/23/1997,23,23rd,Thursday,4,23,4,4,01,January,1,First,1997,01/23/1997
19970124,1/24/1997,24,24th,Friday,4,24,4,4,01,January,1,First,1997,01/24/1997
19970125,1/25/1997,25,25th,Saturday,4,25,4,4,01,January,1,First,1997,01/25/1997
19970126,1/26/1997,26,26th,Sunday,4,26,5,5,01,January,1,First,1997,01/26/1997
19970127,1/27/1997,27,27th,Monday,4,27,5,5,01,January,1,First,1997,01/27/1997
19970128,1/28/1997,28,28th,Tuesday,4,28,5,5,01,January,1,First,1997,01/28/1997
19970129,1/29/1997,29,29th,Wednesday,5,29,5,5,01,January,1,First,1997,01/29/1997
19970130,1/30/1997,30,30th,Thursday,5,30,5,5,01,January,1,First,1997,01/30/1997
19970131,1/31/1997,31,31st,Friday,5,31,5,5,01,January,1,First,1997,01/31/1997
19970201,2/1/1997,01,1st,Saturday,1,32,5,1,02,February,1,First,1997,02/01/1997
19970202,2/2/1997,02,2nd,Sunday,1,33,6,2,02,February,1,First,1997,02/02/1997
19970203,2/3/1997,03,3rd,Monday,1,34,6,2,02,February,1,First,1997,02/03/1997
19970204,2/4/1997,04,4th,Tuesday,1,35,6,2,02,February,1,First,1997,02/04/1997
19970205,2/5/1997,05,5th,Wednesday,1,36,6,2,02,February,1,First,1997,02/05/1997
19970206,2/6/1997,06,6th,Thursday,1,37,6,2,02,February,1,First,1997,02/06/1997
19970207,2/7/1997,07,7th,Friday,1,38,6,2,02,February,1,First,1997,02/07/1997
19970208,2/8/1997,08,8th,Saturday,2,39,6,2,02,February,1,First,1997,02/08/1997
19970209,2/9/1997,09,9th,Sunday,2,40,7,3,02,February,1,First,1997,02/09/1997
19970210,2/10/1997,10,10th,Monday,2,41,7,3,02,February,1,First,1997,02/10/1997
19970211,2/11/1997,11,11th,Tuesday,2,42,7,3,02,February,1,First,1997,02/11/1997
19970212,2/12/1997,12,12th,Wednesday,2,43,7,3,02,February,1,First,1997,02/12/1997
19970213,2/13/1997,13,13th,Thursday,2,44,7,3,02,February,1,First,1997,02/13/1997
19970214,2/14/1997,14,14th,Friday,2,45,7,3,02,February,1,First,1997,02/14/1997
19970215,2/15/1997,15,15th,Saturday,3,46,7,3,02,February,1,First,1997,02/15/1997
19970216,2/16/1997,16,16th,Sunday,3,47,8,4,02,February,1,First,1997,02/16/1997
19970217,2/17/1997,17,17th,Monday,3,48,8,4,02,February,1,First,1997,02/17/1997
19970218,2/18/1997,18,18th,Tuesday,3,49,8,4,02,February,1,First,1997,02/18/1997
19970219,2/19/1997,19,19th,Wednesday,3,50,8,4,02,February,1,First,1997,02/19/1997
19970220,2/20/1997,20,20th,Thursday,3,51,8,4,02,February,1,First,1997,02/20/1997
19970221,2/21/1997,21,21st,Friday,3,52,8,4,02,February,1,First,1997,02/21/1997
19970222,2/22/1997,22,22nd,Saturday,4,53,8,4,02,February,1,First,1997,02/22/1997
19970223,2/23/1997,23,23rd,Sunday,4,54,9,5,02,February,1,First,1997,02/23/1997
19970224,2/24/1997,24,24th,Monday,4,55,9,5,02,February,1,First,1997,02/24/1997
19970225,2/25/1997,25,25th,Tuesday,4,56,9,5,02,February,1,First,1997,02/25/1997
19970226,2/26/1997,26,26th,Wednesday,4,57,9,5,02,February,1,First,1997,02/26/1997
19970227,2/27/1997,27,27th,Thursday,4,58,9,5,02,February,1,First,1997,02/27/1997
19970228,2/28/1997,28,28th,Friday,4,59,9,5,02,February,1,First,1997,02/28/1997
19970301,3/1/1997,01,1st,Saturday,1,60,9,1,03,March,1,First,1997,03/01/1997
19970302,3/2/1997,02,2nd,Sunday,1,61,10,2,03,March,1,First,1997,03/02/1997
19970303,3/3/1997,03,3rd,Monday,1,62,10,2,03,March,1,First,1997,03/03/1997
19970304,3/4/1997,04,4th,Tuesday,1,63,10,2,03,March,1,First,1997,03/04/1997
19970305,3/5/1997,05,5th,Wednesday,1,64,10,2,03,March,1,First,1997,03/05/1997
19970306,3/6/1997,06,6th,Thursday,1,65,10,2,03,March,1,First,1997,03/06/1997
19970307,3/7/1997,07,7th,Friday,1,66,10,2,03,March,1,First,1997,03/07/1997
19970308,3/8/1997,08,8th,Saturday,2,67,10,2,03,March,1,First,1997,03/08/1997
19970309,3/9/1997,09,9th,Sunday,2,68,11,3,03,March,1,First,1997,03/09/1997
19970310,3/10/1997,10,10th,Monday,2,69,11,3,03,March,1,First,1997,03/10/1997
19970311,3/11/1997,11,11th,Tuesday,2,70,11,3,03,March,1,First,1997,03/11/1997
19970312,3/12/1997,12,12th,Wednesday,2,71,11,3,03,March,1,First,1997,03/12/1997
19970313,3/13/1997,13,13th,Thursday,2,72,11,3,03,March,1,First,1997,03/13/1997
19970314,3/14/1997,14,14th,Friday,2,73,11,3,03,March,1,First,1997,03/14/1997
19970315,3/15/1997,15,15th,Saturday,3,74,11,3,03,March,1,First,1997,03/15/1997
19970316,3/16/1997,16,16th,Sunday,3,75,12,4,03,March,1,First,1997,03/16/1997
19970317,3/17/1997,17,17th,Monday,3,76,12,4,03,March,1,First,1997,03/17/1997
19970318,3/18/1997,18,18th,Tuesday,3,77,12,4,03,March,1,First,1997,03/18/1997
19970319,3/19/1997,19,19th,Wednesday,3,78,12,4,03,March,1,First,1997,03/19/1997
19970320,3/20/1997,20,20th,Thursday,3,79,12,4,03,March,1,First,1997,03/20/1997
19970321,3/21/1997,21,21st,Friday,3,80,12,4,03,March,1,First,1997,03/21/1997
19970322,3/22/1997,22,22nd,Saturday,4,81,12,4,03,March,1,First,1997,03/22/1997
19970323,3/23/1997,23,23rd,Sunday,4,82,13,5,03,March,1,First,1997,03/23/1997
19970324,3/24/1997,24,24th,Monday,4,83,13,5,03,March,1,First,1997,03/24/1997
19970325,3/25/1997,25,25th,Tuesday,4,84,13,5,03,March,1,First,1997,03/25/1997
19970326,3/26/1997,26,26th,Wednesday,4,85,13,5,03,March,1,First,1997,03/26/1997
19970327,3/27/1997,27,27th,Thursday,4,86,13,5,03,March,1,First,1997,03/27/1997
19970328,3/28/1997,28,28th,Friday,4,87,13,5,03,March,1,First,1997,03/28/1997
19970329,3/29/1997,29,29th,Saturday,5,88,13,5,03,March,1,First,1997,03/29/1997
19970330,3/30/1997,30,30th,Sunday,5,89,14,6,03,March,1,First,1997,03/30/1997
19970331,3/31/1997,31,31st,Monday,5,90,14,6,03,March,1,First,1997,03/31/1997
19970401,4/1/1997,01,1st,Tuesday,1,91,14,1,04,April,2,Second,1997,04/01/1997
19970402,4/2/1997,02,2nd,Wednesday,1,92,14,1,04,April,2,Second,1997,04/02/1997
19970403,4/3/1997,03,3rd,Thursday,1,93,14,1,04,April,2,Second,1997,04/03/1997
19970404,4/4/1997,04,4th,Friday,1,94,14,1,04,April,2,Second,1997,04/04/1997
19970405,4/5/1997,05,5th,Saturday,1,95,14,1,04,April,2,Second,1997,04/05/1997
19970406,4/6/1997,06,6th,Sunday,1,96,15,2,04,April,2,Second,1997,04/06/1997
19970407,4/7/1997,07,7th,Monday,1,97,15,2,04,April,2,Second,1997,04/07/1997
19970408,4/8/1997,08,8th,Tuesday,2,98,15,2,04,April,2,Second,1997,04/08/1997
19970409,4/9/1997,09,9th,Wednesday,2,99,15,2,04,April,2,Second,1997,04/09/1997
19970410,4/10/1997,10,10th,Thursday,2,100,15,2,04,April,2,Second,1997,04/10/1997
19970411,4/11/1997,11,11th,Friday,2,101,15,2,04,April,2,Second,1997,04/11/1997
19970412,4/12/1997,12,12th,Saturday,2,102,15,2,04,April,2,Second,1997,04/12/1997
19970413,4/13/1997,13,13th,Sunday,2,103,16,3,04,April,2,Second,1997,04/13/1997
19970414,4/14/1997,14,14th,Monday,2,104,16,3,04,April,2,Second,1997,04/14/1997
19970415,4/15/1997,15,15th,Tuesday,3,105,16,3,04,April,2,Second,1997,04/15/1997
19970416,4/16/1997,16,16th,Wednesday,3,106,16,3,04,April,2,Second,1997,04/16/1997
19970417,4/17/1997,17,17th,Thursday,3,107,16,3,04,April,2,Second,1997,04/17/1997
19970418,4/18/1997,18,18th,Friday,3,108,16,3,04,April,2,Second,1997,04/18/1997
19970419,4/19/1997,19,19th,Saturday,3,109,16,3,04,April,2,Second,1997,04/19/1997
19970420,4/20/1997,20,20th,Sunday,3,110,17,4,04,April,2,Second,1997,04/20/1997
19970421,4/21/1997,21,21st,Monday,3,111,17,4,04,April,2,Second,1997,04/21/1997
19970422,4/22/1997,22,22nd,Tuesday,4,112,17,4,04,April,2,Second,1997,04/22/1997
19970423,4/23/1997,23,23rd,Wednesday,4,113,17,4,04,April,2,Second,1997,04/23/1997
19970424,4/24/1997,24,24th,Thursday,4,114,17,4,04,April,2,Second,1997,04/24/1997
19970425,4/25/1997,25,25th,Friday,4,115,17,4,04,April,2,Second,1997,04/25/1997
19970426,4/26/1997,26,26th,Saturday,4,116,17,4,04,April,2,Second,1997,04/26/1997
19970427,4/27/1997,27,27th,Sunday,4,117,18,5,04,April,2,Second,1997,04/27/1997
19970428,4/28/1997,28,28th,Monday,4,118,18,5,04,April,2,Second,1997,04/28/1997
19970429,4/29/1997,29,29th,Tuesday,5,119,18,5,04,April,2,Second,1997,04/29/1997
19970430,4/30/1997,30,30th,Wednesday,5,120,18,5,04,April,2,Second,1997,04/30/1997
19970501,5/1/1997,01,1st,Thursday,1,121,18,1,05,May,2,Second,1997,05/01/1997
19970502,5/2/1997,02,2nd,Friday,1,122,18,1,05,May,2,Second,1997,05/02/1997
19970503,5/3/1997,03,3rd,Saturday,1,123,18,1,05,May,2,Second,1997,05/03/1997
19970504,5/4/1997,04,4th,Sunday,1,124,19,2,05,May,2,Second,1997,05/04/1997
19970505,5/5/1997,05,5th,Monday,1,125,19,2,05,May,2,Second,1997,05/05/1997
19970506,5/6/1997,06,6th,Tuesday,1,126,19,2,05,May,2,Second,1997,05/06/1997
19970507,5/7/1997,07,7th,Wednesday,1,127,19,2,05,May,2,Second,1997,05/07/1997
19970508,5/8/1997,08,8th,Thursday,2,128,19,2,05,May,2,Second,1997,05/08/1997
19970509,5/9/1997,09,9th,Friday,2,129,19,2,05,May,2,Second,1997,05/09/1997
19970510,5/10/1997,10,10th,Saturday,2,130,19,2,05,May,2,Second,1997,05/10/1997
19970511,5/11/1997,11,11th,Sunday,2,131,20,3,05,May,2,Second,1997,05/11/1997
19970512,5/12/1997,12,12th,Monday,2,132,20,3,05,May,2,Second,1997,05/12/1997
19970513,5/13/1997,13,13th,Tuesday,2,133,20,3,05,May,2,Second,1997,05/13/1997
19970514,5/14/1997,14,14th,Wednesday,2,134,20,3,05,May,2,Second,1997,05/14/1997
19970515,5/15/1997,15,15th,Thursday,3,135,20,3,05,May,2,Second,1997,05/15/1997
19970516,5/16/1997,16,16th,Friday,3,136,20,3,05,May,2,Second,1997,05/16/1997
19970517,5/17/1997,17,17th,Saturday,3,137,20,3,05,May,2,Second,1997,05/17/1997
19970518,5/18/1997,18,18th,Sunday,3,138,21,4,05,May,2,Second,1997,05/18/1997
19970519,5/19/1997,19,19th,Monday,3,139,21,4,05,May,2,Second,1997,05/19/1997
19970520,5/20/1997,20,20th,Tuesday,3,140,21,4,05,May,2,Second,1997,05/20/1997
19970521,5/21/1997,21,21st,Wednesday,3,141,21,4,05,May,2,Second,1997,05/21/1997
19970522,5/22/1997,22,22nd,Thursday,4,142,21,4,05,May,2,Second,1997,05/22/1997
19970523,5/23/1997,23,23rd,Friday,4,143,21,4,05,May,2,Second,1997,05/23/1997
19970524,5/24/1997,24,24th,Saturday,4,144,21,4,05,May,2,Second,1997,05/24/1997
19970525,5/25/1997,25,25th,Sunday,4,145,22,5,05,May,2,Second,1997,05/25/1997
19970526,5/26/1997,26,26th,Monday,4,146,22,5,05,May,2,Second,1997,05/26/1997
19970527,5/27/1997,27,27th,Tuesday,4,147,22,5,05,May,2,Second,1997,05/27/1997
19970528,5/28/1997,28,28th,Wednesday,4,148,22,5,05,May,2,Second,1997,05/28/1997
19970529,5/29/1997,29,29th,Thursday,5,149,22,5,05,May,2,Second,1997,05/29/1997
19970530,5/30/1997,30,30th,Friday,5,150,22,5,05,May,2,Second,1997,05/30/1997
19970531,5/31/1997,31,31st,Saturday,5,151,22,5,05,May,2,Second,1997,05/31/1997
19970601,6/1/1997,01,1st,Sunday,1,152,23,1,06,June,2,Second,1997,06/01/1997
19970602,6/2/1997,02,2nd,Monday,1,153,23,1,06,June,2,Second,1997,06/02/1997
19970603,6/3/1997,03,3rd,Tuesday,1,154,23,1,06,June,2,Second,1997,06/03/1997
19970604,6/4/1997,04,4th,Wednesday,1,155,23,1,06,June,2,Second,1997,06/04/1997
19970605,6/5/1997,05,5th,Thursday,1,156,23,1,06,June,2,Second,1997,06/05/1997
19970606,6/6/1997,06,6th,Friday,1,157,23,1,06,June,2,Second,1997,06/06/1997
19970607,6/7/1997,07,7th,Saturday,1,158,23,1,06,June,2,Second,1997,06/07/1997
19970608,6/8/1997,08,8th,Sunday,2,159,24,2,06,June,2,Second,1997,06/08/1997
19970609,6/9/1997,09,9th,Monday,2,160,24,2,06,June,2,Second,1997,06/09/1997
19970610,6/10/1997,10,10th,Tuesday,2,161,24,2,06,June,2,Second,1997,06/10/1997
19970611,6/11/1997,11,11th,Wednesday,2,162,24,2,06,June,2,Second,1997,06/11/1997
19970612,6/12/1997,12,12th,Thursday,2,163,24,2,06,June,2,Second,1997,06/12/1997
19970613,6/13/1997,13,13th,Friday,2,164,24,2,06,June,2,Second,1997,06/13/1997
19970614,6/14/1997,14,14th,Saturday,2,165,24,2,06,June,2,Second,1997,06/14/1997
19970615,6/15/1997,15,15th,Sunday,3,166,25,3,06,June,2,Second,1997,06/15/1997
19970616,6/16/1997,16,16th,Monday,3,167,25,3,06,June,2,Second,1997,06/16/1997
19970617,6/17/1997,17,17th,Tuesday,3,168,25,3,06,June,2,Second,1997,06/17/1997
19970618,6/18/1997,18,18th,Wednesday,3,169,25,3,06,June,2,Second,1997,06/18/1997
19970619,6/19/1997,19,19th,Thursday,3,170,25,3,06,June,2,Second,1997,06/19/1997
19970620,6/20/1997,20,20th,Friday,3,171,25,3,06,June,2,Second,1997,06/20/1997
19970621,6/21/1997,21,21st,Saturday,3,172,25,3,06,June,2,Second,1997,06/21/1997
19970622,6/22/1997,22,22nd,Sunday,4,173,26,4,06,June,2,Second,1997,06/22/1997
19970623,6/23/1997,23,23rd,Monday,4,174,26,4,06,June,2,Second,1997,06/23/1997
19970624,6/24/1997,24,24th,Tuesday,4,175,26,4,06,June,2,Second,1997,06/24/1997
19970625,6/25/1997,25,25th,Wednesday,4,176,26,4,06,June,2,Second,1997,06/25/1997
19970626,6/26/1997,26,26th,Thursday,4,177,26,4,06,June,2,Second,1997,06/26/1997
19970627,6/27/1997,27,27th,Friday,4,178,26,4,06,June,2,Second,1997,06/27/1997
19970628,6/28/1997,28,28th,Saturday,4,179,26,4,06,June,2,Second,1997,06/28/1997
19970629,6/29/1997,29,29th,Sunday,5,180,27,5,06,June,2,Second,1997,06/29/1997
19970630,6/30/1997,30,30th,Monday,5,181,27,5,06,June,2,Second,1997,06/30/1997
19970701,7/1/1997,01,1st,Tuesday,1,182,27,1,07,July,3,Third,1997,07/01/1997
19970702,7/2/1997,02,2nd,Wednesday,1,183,27,1,07,July,3,Third,1997,07/02/1997
19970703,7/3/1997,03,3rd,Thursday,1,184,27,1,07,July,3,Third,1997,07/03/1997
19970704,7/4/1997,04,4th,Friday,1,185,27,1,07,July,3,Third,1997,07/04/1997
19970705,7/5/1997,05,5th,Saturday,1,186,27,1,07,July,3,Third,1997,07/05/1997
19970706,7/6/1997,06,6th,Sunday,1,187,28,2,07,July,3,Third,1997,07/06/1997
19970707,7/7/1997,07,7th,Monday,1,188,28,2,07,July,3,Third,1997,07/07/1997
19970708,7/8/1997,08,8th,Tuesday,2,189,28,2,07,July,3,Third,1997,07/08/1997
19970709,7/9/1997,09,9th,Wednesday,2,190,28,2,07,July,3,Third,1997,07/09/1997
19970710,7/10/1997,10,10th,Thursday,2,191,28,2,07,July,3,Third,1997,07/10/1997
19970711,7/11/1997,11,11th,Friday,2,192,28,2,07,July,3,Third,1997,07/11/1997
19970712,7/12/1997,12,12th,Saturday,2,193,28,2,07,July,3,Third,1997,07/12/1997
19970713,7/13/1997,13,13th,Sunday,2,194,29,3,07,July,3,Third,1997,07/13/1997
19970714,7/14/1997,14,14th,Monday,2,195,29,3,07,July,3,Third,1997,07/14/1997
19970715,7/15/1997,15,15th,Tuesday,3,196,29,3,07,July,3,Third,1997,07/15/1997
19970716,7/16/1997,16,16th,Wednesday,3,197,29,3,07,July,3,Third,1997,07/16/1997
19970717,7/17/1997,17,17th,Thursday,3,198,29,3,07,July,3,Third,1997,07/17/1997
19970718,7/18/1997,18,18th,Friday,3,199,29,3,07,July,3,Third,1997,07/18/1997
19970719,7/19/1997,19,19th,Saturday,3,200,29,3,07,July,3,Third,1997,07/19/1997
19970720,7/20/1997,20,20th,Sunday,3,201,30,4,07,July,3,Third,1997,07/20/1997
19970721,7/21/1997,21,21st,Monday,3,202,30,4,07,July,3,Third,1997,07/21/1997
19970722,7/22/1997,22,22nd,Tuesday,4,203,30,4,07,July,3,Third,1997,07/22/1997
19970723,7/23/1997,23,23rd,Wednesday,4,204,30,4,07,July,3,Third,1997,07/23/1997
19970724,7/24/1997,24,24th,Thursday,4,205,30,4,07,July,3,Third,1997,07/24/1997
19970725,7/25/1997,25,25th,Friday,4,206,30,4,07,July,3,Third,1997,07/25/1997
19970726,7/26/1997,26,26th,Saturday,4,207,30,4,07,July,3,Third,1997,07/26/1997
19970727,7/27/1997,27,27th,Sunday,4,208,31,5,07,July,3,Third,1997,07/27/1997
19970728,7/28/1997,28,28th,Monday,4,209,31,5,07,July,3,Third,1997,07/28/1997
19970729,7/29/1997,29,29th,Tuesday,5,210,31,5,07,July,3,Third,1997,07/29/1997
19970730,7/30/1997,30,30th,Wednesday,5,211,31,5,07,July,3,Third,1997,07/30/1997
19970731,7/31/1997,31,31st,Thursday,5,212,31,5,07,July,3,Third,1997,07/31/1997
19970801,8/1/1997,01,1st,Friday,1,213,31,1,08,August,3,Third,1997,08/01/1997
19970802,8/2/1997,02,2nd,Saturday,1,214,31,1,08,August,3,Third,1997,08/02/1997
19970803,8/3/1997,03,3rd,Sunday,1,215,32,2,08,August,3,Third,1997,08/03/1997
19970804,8/4/1997,04,4th,Monday,1,216,32,2,08,August,3,Third,1997,08/04/1997
19970805,8/5/1997,05,5th,Tuesday,1,217,32,2,08,August,3,Third,1997,08/05/1997
19970806,8/6/1997,06,6th,Wednesday,1,218,32,2,08,August,3,Third,1997,08/06/1997
19970807,8/7/1997,07,7th,Thursday,1,219,32,2,08,August,3,Third,1997,08/07/1997
19970808,8/8/1997,08,8th,Friday,2,220,32,2,08,August,3,Third,1997,08/08/1997
19970809,8/9/1997,09,9th,Saturday,2,221,32,2,08,August,3,Third,1997,08/09/1997
19970810,8/10/1997,10,10th,Sunday,2,222,33,3,08,August,3,Third,1997,08/10/1997
19970811,8/11/1997,11,11th,Monday,2,223,33,3,08,August,3,Third,1997,08/11/1997
19970812,8/12/1997,12,12th,Tuesday,2,224,33,3,08,August,3,Third,1997,08/12/1997
19970813,8/13/1997,13,13th,Wednesday,2,225,33,3,08,August,3,Third,1997,08/13/1997
19970814,8/14/1997,14,14th,Thursday,2,226,33,3,08,August,3,Third,1997,08/14/1997
19970815,8/15/1997,15,15th,Friday,3,227,33,3,08,August,3,Third,1997,08/15/1997
19970816,8/16/1997,16,16th,Saturday,3,228,33,3,08,August,3,Third,1997,08/16/1997
19970817,8/17/1997,17,17th,Sunday,3,229,34,4,08,August,3,Third,1997,08/17/1997
19970818,8/18/1997,18,18th,Monday,3,230,34,4,08,August,3,Third,1997,08/18/1997
19970819,8/19/1997,19,19th,Tuesday,3,231,34,4,08,August,3,Third,1997,08/19/1997
19970820,8/20/1997,20,20th,Wednesday,3,232,34,4,08,August,3,Third,1997,08/20/1997
19970821,8/21/1997,21,21st,Thursday,3,233,34,4,08,August,3,Third,1997,08/21/1997
19970822,8/22/1997,22,22nd,Friday,4,234,34,4,08,August,3,Third,1997,08/22/1997
19970823,8/23/1997,23,23rd,Saturday,4,235,34,4,08,August,3,Third,1997,08/23/1997
19970824,8/24/1997,24,24th,Sunday,4,236,35,5,08,August,3,Third,1997,08/24/1997
19970825,8/25/1997,25,25th,Monday,4,237,35,5,08,August,3,Third,1997,08/25/1997
19970826,8/26/1997,26,26th,Tuesday,4,238,35,5,08,August,3,Third,1997,08/26/1997
19970827,8/27/1997,27,27th,Wednesday,4,239,35,5,08,August,3,Third,1997,08/27/1997
19970828,8/28/1997,28,28th,Thursday,4,240,35,5,08,August,3,Third,1997,08/28/1997
19970829,8/29/1997,29,29th,Friday,5,241,35,5,08,August,3,Third,1997,08/29/1997
19970830,8/30/1997,30,30th,Saturday,5,242,35,5,08,August,3,Third,1997,08/30/1997
19970831,8/31/1997,31,31st,Sunday,5,243,36,6,08,August,3,Third,1997,08/31/1997
19970901,9/1/1997,01,1st,Monday,1,244,36,1,09,September,3,Third,1997,09/01/1997
19970902,9/2/1997,02,2nd,Tuesday,1,245,36,1,09,September,3,Third,1997,09/02/1997
19970903,9/3/1997,03,3rd,Wednesday,1,246,36,1,09,September,3,Third,1997,09/03/1997
19970904,9/4/1997,04,4th,Thursday,1,247,36,1,09,September,3,Third,1997,09/04/1997
19970905,9/5/1997,05,5th,Friday,1,248,36,1,09,September,3,Third,1997,09/05/1997
19970906,9/6/1997,06,6th,Saturday,1,249,36,1,09,September,3,Third,1997,09/06/1997
19970907,9/7/1997,07,7th,Sunday,1,250,37,2,09,September,3,Third,1997,09/07/1997
19970908,9/8/1997,08,8th,Monday,2,251,37,2,09,September,3,Third,1997,09/08/1997
19970909,9/9/1997,09,9th,Tuesday,2,252,37,2,09,September,3,Third,1997,09/09/1997
19970910,9/10/1997,10,10th,Wednesday,2,253,37,2,09,September,3,Third,1997,09/10/1997
19970911,9/11/1997,11,11th,Thursday,2,254,37,2,09,September,3,Third,1997,09/11/1997
19970912,9/12/1997,12,12th,Friday,2,255,37,2,09,September,3,Third,1997,09/12/1997
19970913,9/13/1997,13,13th,Saturday,2,256,37,2,09,September,3,Third,1997,09/13/1997
19970914,9/14/1997,14,14th,Sunday,2,257,38,3,09,September,3,Third,1997,09/14/1997
19970915,9/15/1997,15,15th,Monday,3,258,38,3,09,September,3,Third,1997,09/15/1997
19970916,9/16/1997,16,16th,Tuesday,3,259,38,3,09,September,3,Third,1997,09/16/1997
19970917,9/17/1997,17,17th,Wednesday,3,260,38,3,09,September,3,Third,1997,09/17/1997
19970918,9/18/1997,18,18th,Thursday,3,261,38,3,09,September,3,Third,1997,09/18/1997
19970919,9/19/1997,19,19th,Friday,3,262,38,3,09,September,3,Third,1997,09/19/1997
19970920,9/20/1997,20,20th,Saturday,3,263,38,3,09,September,3,Third,1997,09/20/1997
19970921,9/21/1997,21,21st,Sunday,3,264,39,4,09,September,3,Third,1997,09/21/1997
19970922,9/22/1997,22,22nd,Monday,4,265,39,4,09,September,3,Third,1997,09/22/1997
19970923,9/23/1997,23,23rd,Tuesday,4,266,39,4,09,September,3,Third,1997,09/23/1997
19970924,9/24/1997,24,24th,Wednesday,4,267,39,4,09,September,3,Third,1997,09/24/1997
19970925,9/25/1997,25,25th,Thursday,4,268,39,4,09,September,3,Third,1997,09/25/1997
19970926,9/26/1997,26,26th,Friday,4,269,39,4,09,September,3,Third,1997,09/26/1997
19970927,9/27/1997,27,27th,Saturday,4,270,39,4,09,September,3,Third,1997,09/27/1997
19970928,9/28/1997,28,28th,Sunday,4,271,40,5,09,September,3,Third,1997,09/28/1997
19970929,9/29/1997,29,29th,Monday,5,272,40,5,09,September,3,Third,1997,09/29/1997
19970930,9/30/1997,30,30th,Tuesday,5,273,40,5,09,September,3,Third,1997,09/30/1997
19971001,10/1/1997,01,1st,Wednesday,1,274,40,1,10,October,4,Fourth,1997,10/01/1997
19971002,10/2/1997,02,2nd,Thursday,1,275,40,1,10,October,4,Fourth,1997,10/02/1997
19971003,10/3/1997,03,3rd,Friday,1,276,40,1,10,October,4,Fourth,1997,10/03/1997
19971004,10/4/1997,04,4th,Saturday,1,277,40,1,10,October,4,Fourth,1997,10/04/1997
19971005,10/5/1997,05,5th,Sunday,1,278,41,2,10,October,4,Fourth,1997,10/05/1997
19971006,10/6/1997,06,6th,Monday,1,279,41,2,10,October,4,Fourth,1997,10/06/1997
19971007,10/7/1997,07,7th,Tuesday,1,280,41,2,10,October,4,Fourth,1997,10/07/1997
19971008,10/8/1997,08,8th,Wednesday,2,281,41,2,10,October,4,Fourth,1997,10/08/1997
19971009,10/9/1997,09,9th,Thursday,2,282,41,2,10,October,4,Fourth,1997,10/09/1997
19971010,10/10/1997,10,10th,Friday,2,283,41,2,10,October,4,Fourth,1997,10/10/1997
19971011,10/11/1997,11,11th,Saturday,2,284,41,2,10,October,4,Fourth,1997,10/11/1997
19971012,10/12/1997,12,12th,Sunday,2,285,42,3,10,October,4,Fourth,1997,10/12/1997
19971013,10/13/1997,13,13th,Monday,2,286,42,3,10,October,4,Fourth,1997,10/13/1997
19971014,10/14/1997,14,14th,Tuesday,2,287,42,3,10,October,4,Fourth,1997,10/14/1997
19971015,10/15/1997,15,15th,Wednesday,3,288,42,3,10,October,4,Fourth,1997,10/15/1997
19971016,10/16/1997,16,16th,Thursday,3,289,42,3,10,October,4,Fourth,1997,10/16/1997
19971017,10/17/1997,17,17th,Friday,3,290,42,3,10,October,4,Fourth,1997,10/17/1997
19971018,10/18/1997,18,18th,Saturday,3,291,42,3,10,October,4,Fourth,1997,10/18/1997
19971019,10/19/1997,19,19th,Sunday,3,292,43,4,10,October,4,Fourth,1997,10/19/1997
19971020,10/20/1997,20,20th,Monday,3,293,43,4,10,October,4,Fourth,1997,10/20/1997
19971021,10/21/1997,21,21st,Tuesday,3,294,43,4,10,October,4,Fourth,1997,10/21/1997
19971022,10/22/1997,22,22nd,Wednesday,4,295,43,4,10,October,4,Fourth,1997,10/22/1997
19971023,10/23/1997,23,23rd,Thursday,4,296,43,4,10,October,4,Fourth,1997,10/23/1997
19971024,10/24/1997,24,24th,Friday,4,297,43,4,10,October,4,Fourth,1997,10/24/1997
19971025,10/25/1997,25,25th,Saturday,4,298,43,4,10,October,4,Fourth,1997,10/25/1997
19971026,10/26/1997,26,26th,Sunday,4,299,44,5,10,October,4,Fourth,1997,10/26/1997
19971027,10/27/1997,27,27th,Monday,4,300,44,5,10,October,4,Fourth,1997,10/27/1997
19971028,10/28/1997,28,28th,Tuesday,4,301,44,5,10,October,4,Fourth,1997,10/28/1997
19971029,10/29/1997,29,29th,Wednesday,5,302,44,5,10,October,4,Fourth,1997,10/29/1997
19971030,10/30/1997,30,30th,Thursday,5,303,44,5,10,October,4,Fourth,1997,10/30/1997
19971031,10/31/1997,31,31st,Friday,5,304,44,5,10,October,4,Fourth,1997,10/31/1997
19971101,11/1/1997,01,1st,Saturday,1,305,44,1,11,November,4,Fourth,1997,11/01/1997
19971102,11/2/1997,02,2nd,Sunday,1,306,45,2,11,November,4,Fourth,1997,11/02/1997
19971103,11/3/1997,03,3rd,Monday,1,307,45,2,11,November,4,Fourth,1997,11/03/1997
19971104,11/4/1997,04,4th,Tuesday,1,308,45,2,11,November,4,Fourth,1997,11/04/1997
19971105,11/5/1997,05,5th,Wednesday,1,309,45,2,11,November,4,Fourth,1997,11/05/1997
19971106,11/6/1997,06,6th,Thursday,1,310,45,2,11,November,4,Fourth,1997,11/06/1997
19971107,11/7/1997,07,7th,Friday,1,311,45,2,11,November,4,Fourth,1997,11/07/1997
19971108,11/8/1997,08,8th,Saturday,2,312,45,2,11,November,4,Fourth,1997,11/08/1997
19971109,11/9/1997,09,9th,Sunday,2,313,46,3,11,November,4,Fourth,1997,11/09/1997
19971110,11/10/1997,10,10th,Monday,2,314,46,3,11,November,4,Fourth,1997,11/10/1997
19971111,11/11/1997,11,11th,Tuesday,2,315,46,3,11,November,4,Fourth,1997,11/11/1997
19971112,11/12/1997,12,12th,Wednesday,2,316,46,3,11,November,4,Fourth,1997,11/12/1997
19971113,11/13/1997,13,13th,Thursday,2,317,46,3,11,November,4,Fourth,1997,11/13/1997
19971114,11/14/1997,14,14th,Friday,2,318,46,3,11,November,4,Fourth,1997,11/14/1997
19971115,11/15/1997,15,15th,Saturday,3,319,46,3,11,November,4,Fourth,1997,11/15/1997
19971116,11/16/1997,16,16th,Sunday,3,320,47,4,11,November,4,Fourth,1997,11/16/1997
19971117,11/17/1997,17,17th,Monday,3,321,47,4,11,November,4,Fourth,1997,11/17/1997
19971118,11/18/1997,18,18th,Tuesday,3,322,47,4,11,November,4,Fourth,1997,11/18/1997
19971119,11/19/1997,19,19th,Wednesday,3,323,47,4,11,November,4,Fourth,1997,11/19/1997
19971120,11/20/1997,20,20th,Thursday,3,324,47,4,11,November,4,Fourth,1997,11/20/1997
19971121,11/21/1997,21,21st,Friday,3,325,47,4,11,November,4,Fourth,1997,11/21/1997
19971122,11/22/1997,22,22nd,Saturday,4,326,47,4,11,November,4,Fourth,1997,11/22/1997
19971123,11/23/1997,23,23rd,Sunday,4,327,48,5,11,November,4,Fourth,1997,11/23/1997
19971124,11/24/1997,24,24th,Monday,4,328,48,5,11,November,4,Fourth,1997,11/24/1997
19971125,11/25/1997,25,25th,Tuesday,4,329,48,5,11,November,4,Fourth,1997,11/25/1997
19971126,11/26/1997,26,26th,Wednesday,4,330,48,5,11,November,4,Fourth,1997,11/26/1997
19971127,11/27/1997,27,27th,Thursday,4,331,48,5,11,November,4,Fourth,1997,11/27/1997
19971128,11/28/1997,28,28th,Friday,4,332,48,5,11,November,4,Fourth,1997,11/28/1997
19971129,11/29/1997,29,29th,Saturday,5,333,48,5,11,November,4,Fourth,1997,11/29/1997
19971130,11/30/1997,30,30th,Sunday,5,334,49,6,11,November,4,Fourth,1997,11/30/1997
19971201,12/1/1997,01,1st,Monday,1,335,49,1,12,December,4,Fourth,1997,12/01/1997
19971202,12/2/1997,02,2nd,Tuesday,1,336,49,1,12,December,4,Fourth,1997,12/02/1997
19971203,12/3/1997,03,3rd,Wednesday,1,337,49,1,12,December,4,Fourth,1997,12/03/1997
19971204,12/4/1997,04,4th,Thursday,1,338,49,1,12,December,4,Fourth,1997,12/04/1997
19971205,12/5/1997,05,5th,Friday,1,339,49,1,12,December,4,Fourth,1997,12/05/1997
19971206,12/6/1997,06,6th,Saturday,1,340,49,1,12,December,4,Fourth,1997,12/06/1997
19971207,12/7/1997,07,7th,Sunday,1,341,50,2,12,December,4,Fourth,1997,12/07/1997
19971208,12/8/1997,08,8th,Monday,2,342,50,2,12,December,4,Fourth,1997,12/08/1997
19971209,12/9/1997,09,9th,Tuesday,2,343,50,2,12,December,4,Fourth,1997,12/09/1997
19971210,12/10/1997,10,10th,Wednesday,2,344,50,2,12,December,4,Fourth,1997,12/10/1997
19971211,12/11/1997,11,11th,Thursday,2,345,50,2,12,December,4,Fourth,1997,12/11/1997
19971212,12/12/1997,12,12th,Friday,2,346,50,2,12,December,4,Fourth,1997,12/12/1997
19971213,12/13/1997,13,13th,Saturday,2,347,50,2,12,December,4,Fourth,1997,12/13/1997
19971214,12/14/1997,14,14th,Sunday,2,348,51,3,12,December,4,Fourth,1997,12/14/1997
19971215,12/15/1997,15,15th,Monday,3,349,51,3,12,December,4,Fourth,1997,12/15/1997
19971216,12/16/1997,16,16th,Tuesday,3,350,51,3,12,December,4,Fourth,1997,12/16/1997
19971217,12/17/1997,17,17th,Wednesday,3,351,51,3,12,December,4,Fourth,1997,12/17/1997
19971218,12/18/1997,18,18th,Thursday,3,352,51,3,12,December,4,Fourth,1997,12/18/1997
19971219,12/19/1997,19,19th,Friday,3,353,51,3,12,December,4,Fourth,1997,12/19/1997
19971220,12/20/1997,20,20th,Saturday,3,354,51,3,12,December,4,Fourth,1997,12/20/1997
19971221,12/21/1997,21,21st,Sunday,3,355,52,4,12,December,4,Fourth,1997,12/21/1997
19971222,12/22/1997,22,22nd,Monday,4,356,52,4,12,December,4,Fourth,1997,12/22/1997
19971223,12/23/1997,23,23rd,Tuesday,4,357,52,4,12,December,4,Fourth,1997,12/23/1997
19971224,12/24/1997,24,24th,Wednesday,4,358,52,4,12,December,4,Fourth,1997,12/24/1997
19971225,12/25/1997,25,25th,Thursday,4,359,52,4,12,December,4,Fourth,1997,12/25/1997
19971226,12/26/1997,26,26th,Friday,4,360,52,4,12,December,4,Fourth,1997,12/26/1997
19971227,12/27/1997,27,27th,Saturday,4,361,52,4,12,December,4,Fourth,1997,12/27/1997
19971228,12/28/1997,28,28th,Sunday,4,362,53,5,12,December,4,Fourth,1997,12/28/1997
19971229,12/29/1997,29,29th,Monday,5,363,53,5,12,December,4,Fourth,1997,12/29/1997
19971230,12/30/1997,30,30th,Tuesday,5,364,53,5,12,December,4,Fourth,1997,12/30/1997
19971231,12/31/1997,31,31st,Wednesday,5,365,53,5,12,December,4,Fourth,1997,12/31/1997
19980101,1/1/1998,01,1st,Thursday,1,1,1,1,01,January,1,First,1998,01/01/1998
19980102,1/2/1998,02,2nd,Friday,1,2,1,1,01,January,1,First,1998,01/02/1998
19980103,1/3/1998,03,3rd,Saturday,1,3,1,1,01,January,1,First,1998,01/03/1998
19980104,1/4/1998,04,4th,Sunday,1,4,2,2,01,January,1,First,1998,01/04/1998
19980105,1/5/1998,05,5th,Monday,1,5,2,2,01,January,1,First,1998,01/05/1998
19980106,1/6/1998,06,6th,Tuesday,1,6,2,2,01,January,1,First,1998,01/06/1998
19980107,1/7/1998,07,7th,Wednesday,1,7,2,2,01,January,1,First,1998,01/07/1998
19980108,1/8/1998,08,8th,Thursday,2,8,2,2,01,January,1,First,1998,01/08/1998
19980109,1/9/1998,09,9th,Friday,2,9,2,2,01,January,1,First,1998,01/09/1998
19980110,1/10/1998,10,10th,Saturday,2,10,2,2,01,January,1,First,1998,01/10/1998
19980111,1/11/1998,11,11th,Sunday,2,11,3,3,01,January,1,First,1998,01/11/1998
19980112,1/12/1998,12,12th,Monday,2,12,3,3,01,January,1,First,1998,01/12/1998
19980113,1/13/1998,13,13th,Tuesday,2,13,3,3,01,January,1,First,1998,01/13/1998
19980114,1/14/1998,14,14th,Wednesday,2,14,3,3,01,January,1,First,1998,01/14/1998
19980115,1/15/1998,15,15th,Thursday,3,15,3,3,01,January,1,First,1998,01/15/1998
19980116,1/16/1998,16,16th,Friday,3,16,3,3,01,January,1,First,1998,01/16/1998
19980117,1/17/1998,17,17th,Saturday,3,17,3,3,01,January,1,First,1998,01/17/1998
19980118,1/18/1998,18,18th,Sunday,3,18,4,4,01,January,1,First,1998,01/18/1998
19980119,1/19/1998,19,19th,Monday,3,19,4,4,01,January,1,First,1998,01/19/1998
19980120,1/20/1998,20,20th,Tuesday,3,20,4,4,01,January,1,First,1998,01/20/1998
19980121,1/21/1998,21,21st,Wednesday,3,21,4,4,01,January,1,First,1998,01/21/1998
19980122,1/22/1998,22,22nd,Thursday,4,22,4,4,01,January,1,First,1998,01/22/1998
19980123,1/23/1998,23,23rd,Friday,4,23,4,4,01,January,1,First,1998,01/23/1998
19980124,1/24/1998,24,24th,Saturday,4,24,4,4,01,January,1,First,1998,01/24/1998
19980125,1/25/1998,25,25th,Sunday,4,25,5,5,01,January,1,First,1998,01/25/1998
19980126,1/26/1998,26,26th,Monday,4,26,5,5,01,January,1,First,1998,01/26/1998
19980127,1/27/1998,27,27th,Tuesday,4,27,5,5,01,January,1,First,1998,01/27/1998
19980128,1/28/1998,28,28th,Wednesday,4,28,5,5,01,January,1,First,1998,01/28/1998
19980129,1/29/1998,29,29th,Thursday,5,29,5,5,01,January,1,First,1998,01/29/1998
19980130,1/30/1998,30,30th,Friday,5,30,5,5,01,January,1,First,1998,01/30/1998
19980131,1/31/1998,31,31st,Saturday,5,31,5,5,01,January,1,First,1998,01/31/1998
19980201,2/1/1998,01,1st,Sunday,1,32,6,1,02,February,1,First,1998,02/01/1998
19980202,2/2/1998,02,2nd,Monday,1,33,6,1,02,February,1,First,1998,02/02/1998
19980203,2/3/1998,03,3rd,Tuesday,1,34,6,1,02,February,1,First,1998,02/03/1998
19980204,2/4/1998,04,4th,Wednesday,1,35,6,1,02,February,1,First,1998,02/04/1998
19980205,2/5/1998,05,5th,Thursday,1,36,6,1,02,February,1,First,1998,02/05/1998
19980206,2/6/1998,06,6th,Friday,1,37,6,1,02,February,1,First,1998,02/06/1998
19980207,2/7/1998,07,7th,Saturday,1,38,6,1,02,February,1,First,1998,02/07/1998
19980208,2/8/1998,08,8th,Sunday,2,39,7,2,02,February,1,First,1998,02/08/1998
19980209,2/9/1998,09,9th,Monday,2,40,7,2,02,February,1,First,1998,02/09/1998
19980210,2/10/1998,10,10th,Tuesday,2,41,7,2,02,February,1,First,1998,02/10/1998
19980211,2/11/1998,11,11th,Wednesday,2,42,7,2,02,February,1,First,1998,02/11/1998
19980212,2/12/1998,12,12th,Thursday,2,43,7,2,02,February,1,First,1998,02/12/1998
19980213,2/13/1998,13,13th,Friday,2,44,7,2,02,February,1,First,1998,02/13/1998
19980214,2/14/1998,14,14th,Saturday,2,45,7,2,02,February,1,First,1998,02/14/1998
19980215,2/15/1998,15,15th,Sunday,3,46,8,3,02,February,1,First,1998,02/15/1998
19980216,2/16/1998,16,16th,Monday,3,47,8,3,02,February,1,First,1998,02/16/1998
19980217,2/17/1998,17,17th,Tuesday,3,48,8,3,02,February,1,First,1998,02/17/1998
19980218,2/18/1998,18,18th,Wednesday,3,49,8,3,02,February,1,First,1998,02/18/1998
19980219,2/19/1998,19,19th,Thursday,3,50,8,3,02,February,1,First,1998,02/19/1998
19980220,2/20/1998,20,20th,Friday,3,51,8,3,02,February,1,First,1998,02/20/1998
19980221,2/21/1998,21,21st,Saturday,3,52,8,3,02,February,1,First,1998,02/21/1998
19980222,2/22/1998,22,22nd,Sunday,4,53,9,4,02,February,1,First,1998,02/22/1998
19980223,2/23/1998,23,23rd,Monday,4,54,9,4,02,February,1,First,1998,02/23/1998
19980224,2/24/1998,24,24th,Tuesday,4,55,9,4,02,February,1,First,1998,02/24/1998
19980225,2/25/1998,25,25th,Wednesday,4,56,9,4,02,February,1,First,1998,02/25/1998
19980226,2/26/1998,26,26th,Thursday,4,57,9,4,02,February,1,First,1998,02/26/1998
19980227,2/27/1998,27,27th,Friday,4,58,9,4,02,February,1,First,1998,02/27/1998
19980228,2/28/1998,28,28th,Saturday,4,59,9,4,02,February,1,First,1998,02/28/1998
19980301,3/1/1998,01,1st,Sunday,1,60,10,1,03,March,1,First,1998,03/01/1998
19980302,3/2/1998,02,2nd,Monday,1,61,10,1,03,March,1,First,1998,03/02/1998
19980303,3/3/1998,03,3rd,Tuesday,1,62,10,1,03,March,1,First,1998,03/03/1998
19980304,3/4/1998,04,4th,Wednesday,1,63,10,1,03,March,1,First,1998,03/04/1998
19980305,3/5/1998,05,5th,Thursday,1,64,10,1,03,March,1,First,1998,03/05/1998
19980306,3/6/1998,06,6th,Friday,1,65,10,1,03,March,1,First,1998,03/06/1998
19980307,3/7/1998,07,7th,Saturday,1,66,10,1,03,March,1,First,1998,03/07/1998
19980308,3/8/1998,08,8th,Sunday,2,67,11,2,03,March,1,First,1998,03/08/1998
19980309,3/9/1998,09,9th,Monday,2,68,11,2,03,March,1,First,1998,03/09/1998
19980310,3/10/1998,10,10th,Tuesday,2,69,11,2,03,March,1,First,1998,03/10/1998
19980311,3/11/1998,11,11th,Wednesday,2,70,11,2,03,March,1,First,1998,03/11/1998
19980312,3/12/1998,12,12th,Thursday,2,71,11,2,03,March,1,First,1998,03/12/1998
19980313,3/13/1998,13,13th,Friday,2,72,11,2,03,March,1,First,1998,03/13/1998
19980314,3/14/1998,14,14th,Saturday,2,73,11,2,03,March,1,First,1998,03/14/1998
19980315,3/15/1998,15,15th,Sunday,3,74,12,3,03,March,1,First,1998,03/15/1998
19980316,3/16/1998,16,16th,Monday,3,75,12,3,03,March,1,First,1998,03/16/1998
19980317,3/17/1998,17,17th,Tuesday,3,76,12,3,03,March,1,First,1998,03/17/1998
19980318,3/18/1998,18,18th,Wednesday,3,77,12,3,03,March,1,First,1998,03/18/1998
19980319,3/19/1998,19,19th,Thursday,3,78,12,3,03,March,1,First,1998,03/19/1998
19980320,3/20/1998,20,20th,Friday,3,79,12,3,03,March,1,First,1998,03/20/1998
19980321,3/21/1998,21,21st,Saturday,3,80,12,3,03,March,1,First,1998,03/21/1998
19980322,3/22/1998,22,22nd,Sunday,4,81,13,4,03,March,1,First,1998,03/22/1998
19980323,3/23/1998,23,23rd,Monday,4,82,13,4,03,March,1,First,1998,03/23/1998
19980324,3/24/1998,24,24th,Tuesday,4,83,13,4,03,March,1,First,1998,03/24/1998
19980325,3/25/1998,25,25th,Wednesday,4,84,13,4,03,March,1,First,1998,03/25/1998
19980326,3/26/1998,26,26th,Thursday,4,85,13,4,03,March,1,First,1998,03/26/1998
19980327,3/27/1998,27,27th,Friday,4,86,13,4,03,March,1,First,1998,03/27/1998
19980328,3/28/1998,28,28th,Saturday,4,87,13,4,03,March,1,First,1998,03/28/1998
19980329,3/29/1998,29,29th,Sunday,5,88,14,5,03,March,1,First,1998,03/29/1998
19980330,3/30/1998,30,30th,Monday,5,89,14,5,03,March,1,First,1998,03/30/1998
19980331,3/31/1998,31,31st,Tuesday,5,90,14,5,03,March,1,First,1998,03/31/1998
19980401,4/1/1998,01,1st,Wednesday,1,91,14,1,04,April,2,Second,1998,04/01/1998
19980402,4/2/1998,02,2nd,Thursday,1,92,14,1,04,April,2,Second,1998,04/02/1998
19980403,4/3/1998,03,3rd,Friday,1,93,14,1,04,April,2,Second,1998,04/03/1998
19980404,4/4/1998,04,4th,Saturday,1,94,14,1,04,April,2,Second,1998,04/04/1998
19980405,4/5/1998,05,5th,Sunday,1,95,15,2,04,April,2,Second,1998,04/05/1998
19980406,4/6/1998,06,6th,Monday,1,96,15,2,04,April,2,Second,1998,04/06/1998
19980407,4/7/1998,07,7th,Tuesday,1,97,15,2,04,April,2,Second,1998,04/07/1998
19980408,4/8/1998,08,8th,Wednesday,2,98,15,2,04,April,2,Second,1998,04/08/1998
19980409,4/9/1998,09,9th,Thursday,2,99,15,2,04,April,2,Second,1998,04/09/1998
19980410,4/10/1998,10,10th,Friday,2,100,15,2,04,April,2,Second,1998,04/10/1998
19980411,4/11/1998,11,11th,Saturday,2,101,15,2,04,April,2,Second,1998,04/11/1998
19980412,4/12/1998,12,12th,Sunday,2,102,16,3,04,April,2,Second,1998,04/12/1998
19980413,4/13/1998,13,13th,Monday,2,103,16,3,04,April,2,Second,1998,04/13/1998
19980414,4/14/1998,14,14th,Tuesday,2,104,16,3,04,April,2,Second,1998,04/14/1998
19980415,4/15/1998,15,15th,Wednesday,3,105,16,3,04,April,2,Second,1998,04/15/1998
19980416,4/16/1998,16,16th,Thursday,3,106,16,3,04,April,2,Second,1998,04/16/1998
19980417,4/17/1998,17,17th,Friday,3,107,16,3,04,April,2,Second,1998,04/17/1998
19980418,4/18/1998,18,18th,Saturday,3,108,16,3,04,April,2,Second,1998,04/18/1998
19980419,4/19/1998,19,19th,Sunday,3,109,17,4,04,April,2,Second,1998,04/19/1998
19980420,4/20/1998,20,20th,Monday,3,110,17,4,04,April,2,Second,1998,04/20/1998
19980421,4/21/1998,21,21st,Tuesday,3,111,17,4,04,April,2,Second,1998,04/21/1998
19980422,4/22/1998,22,22nd,Wednesday,4,112,17,4,04,April,2,Second,1998,04/22/1998
19980423,4/23/1998,23,23rd,Thursday,4,113,17,4,04,April,2,Second,1998,04/23/1998
19980424,4/24/1998,24,24th,Friday,4,114,17,4,04,April,2,Second,1998,04/24/1998
19980425,4/25/1998,25,25th,Saturday,4,115,17,4,04,April,2,Second,1998,04/25/1998
19980426,4/26/1998,26,26th,Sunday,4,116,18,5,04,April,2,Second,1998,04/26/1998
19980427,4/27/1998,27,27th,Monday,4,117,18,5,04,April,2,Second,1998,04/27/1998
19980428,4/28/1998,28,28th,Tuesday,4,118,18,5,04,April,2,Second,1998,04/28/1998
19980429,4/29/1998,29,29th,Wednesday,5,119,18,5,04,April,2,Second,1998,04/29/1998
19980430,4/30/1998,30,30th,Thursday,5,120,18,5,04,April,2,Second,1998,04/30/1998
19980501,5/1/1998,01,1st,Friday,1,121,18,1,05,May,2,Second,1998,05/01/1998
19980502,5/2/1998,02,2nd,Saturday,1,122,18,1,05,May,2,Second,1998,05/02/1998
19980503,5/3/1998,03,3rd,Sunday,1,123,19,2,05,May,2,Second,1998,05/03/1998
19980504,5/4/1998,04,4th,Monday,1,124,19,2,05,May,2,Second,1998,05/04/1998
19980505,5/5/1998,05,5th,Tuesday,1,125,19,2,05,May,2,Second,1998,05/05/1998
19980506,5/6/1998,06,6th,Wednesday,1,126,19,2,05,May,2,Second,1998,05/06/1998
19980507,5/7/1998,07,7th,Thursday,1,127,19,2,05,May,2,Second,1998,05/07/1998
19980508,5/8/1998,08,8th,Friday,2,128,19,2,05,May,2,Second,1998,05/08/1998
19980509,5/9/1998,09,9th,Saturday,2,129,19,2,05,May,2,Second,1998,05/09/1998
19980510,5/10/1998,10,10th,Sunday,2,130,20,3,05,May,2,Second,1998,05/10/1998
19980511,5/11/1998,11,11th,Monday,2,131,20,3,05,May,2,Second,1998,05/11/1998
19980512,5/12/1998,12,12th,Tuesday,2,132,20,3,05,May,2,Second,1998,05/12/1998
19980513,5/13/1998,13,13th,Wednesday,2,133,20,3,05,May,2,Second,1998,05/13/1998
19980514,5/14/1998,14,14th,Thursday,2,134,20,3,05,May,2,Second,1998,05/14/1998
19980515,5/15/1998,15,15th,Friday,3,135,20,3,05,May,2,Second,1998,05/15/1998
19980516,5/16/1998,16,16th,Saturday,3,136,20,3,05,May,2,Second,1998,05/16/1998
19980517,5/17/1998,17,17th,Sunday,3,137,21,4,05,May,2,Second,1998,05/17/1998
19980518,5/18/1998,18,18th,Monday,3,138,21,4,05,May,2,Second,1998,05/18/1998
19980519,5/19/1998,19,19th,Tuesday,3,139,21,4,05,May,2,Second,1998,05/19/1998
19980520,5/20/1998,20,20th,Wednesday,3,140,21,4,05,May,2,Second,1998,05/20/1998
19980521,5/21/1998,21,21st,Thursday,3,141,21,4,05,May,2,Second,1998,05/21/1998
19980522,5/22/1998,22,22nd,Friday,4,142,21,4,05,May,2,Second,1998,05/22/1998
19980523,5/23/1998,23,23rd,Saturday,4,143,21,4,05,May,2,Second,1998,05/23/1998
19980524,5/24/1998,24,24th,Sunday,4,144,22,5,05,May,2,Second,1998,05/24/1998
19980525,5/25/1998,25,25th,Monday,4,145,22,5,05,May,2,Second,1998,05/25/1998
19980526,5/26/1998,26,26th,Tuesday,4,146,22,5,05,May,2,Second,1998,05/26/1998
19980527,5/27/1998,27,27th,Wednesday,4,147,22,5,05,May,2,Second,1998,05/27/1998
19980528,5/28/1998,28,28th,Thursday,4,148,22,5,05,May,2,Second,1998,05/28/1998
19980529,5/29/1998,29,29th,Friday,5,149,22,5,05,May,2,Second,1998,05/29/1998
19980530,5/30/1998,30,30th,Saturday,5,150,22,5,05,May,2,Second,1998,05/30/1998
19980531,5/31/1998,31,31st,Sunday,5,151,23,6,05,May,2,Second,1998,05/31/1998
19980601,6/1/1998,01,1st,Monday,1,152,23,1,06,June,2,Second,1998,06/01/1998
19980602,6/2/1998,02,2nd,Tuesday,1,153,23,1,06,June,2,Second,1998,06/02/1998
19980603,6/3/1998,03,3rd,Wednesday,1,154,23,1,06,June,2,Second,1998,06/03/1998
19980604,6/4/1998,04,4th,Thursday,1,155,23,1,06,June,2,Second,1998,06/04/1998
19980605,6/5/1998,05,5th,Friday,1,156,23,1,06,June,2,Second,1998,06/05/1998
19980606,6/6/1998,06,6th,Saturday,1,157,23,1,06,June,2,Second,1998,06/06/1998
19980607,6/7/1998,07,7th,Sunday,1,158,24,2,06,June,2,Second,1998,06/07/1998
19980608,6/8/1998,08,8th,Monday,2,159,24,2,06,June,2,Second,1998,06/08/1998
19980609,6/9/1998,09,9th,Tuesday,2,160,24,2,06,June,2,Second,1998,06/09/1998
19980610,6/10/1998,10,10th,Wednesday,2,161,24,2,06,June,2,Second,1998,06/10/1998
19980611,6/11/1998,11,11th,Thursday,2,162,24,2,06,June,2,Second,1998,06/11/1998
19980612,6/12/1998,12,12th,Friday,2,163,24,2,06,June,2,Second,1998,06/12/1998
19980613,6/13/1998,13,13th,Saturday,2,164,24,2,06,June,2,Second,1998,06/13/1998
19980614,6/14/1998,14,14th,Sunday,2,165,25,3,06,June,2,Second,1998,06/14/1998
19980615,6/15/1998,15,15th,Monday,3,166,25,3,06,June,2,Second,1998,06/15/1998
19980616,6/16/1998,16,16th,Tuesday,3,167,25,3,06,June,2,Second,1998,06/16/1998
19980617,6/17/1998,17,17th,Wednesday,3,168,25,3,06,June,2,Second,1998,06/17/1998
19980618,6/18/1998,18,18th,Thursday,3,169,25,3,06,June,2,Second,1998,06/18/1998
19980619,6/19/1998,19,19th,Friday,3,170,25,3,06,June,2,Second,1998,06/19/1998
19980620,6/20/1998,20,20th,Saturday,3,171,25,3,06,June,2,Second,1998,06/20/1998
19980621,6/21/1998,21,21st,Sunday,3,172,26,4,06,June,2,Second,1998,06/21/1998
19980622,6/22/1998,22,22nd,Monday,4,173,26,4,06,June,2,Second,1998,06/22/1998
19980623,6/23/1998,23,23rd,Tuesday,4,174,26,4,06,June,2,Second,1998,06/23/1998
19980624,6/24/1998,24,24th,Wednesday,4,175,26,4,06,June,2,Second,1998,06/24/1998
19980625,6/25/1998,25,25th,Thursday,4,176,26,4,06,June,2,Second,1998,06/25/1998
19980626,6/26/1998,26,26th,Friday,4,177,26,4,06,June,2,Second,1998,06/26/1998
19980627,6/27/1998,27,27th,Saturday,4,178,26,4,06,June,2,Second,1998,06/27/1998
19980628,6/28/1998,28,28th,Sunday,4,179,27,5,06,June,2,Second,1998,06/28/1998
19980629,6/29/1998,29,29th,Monday,5,180,27,5,06,June,2,Second,1998,06/29/1998
19980630,6/30/1998,30,30th,Tuesday,5,181,27,5,06,June,2,Second,1998,06/30/1998
19980701,7/1/1998,01,1st,Wednesday,1,182,27,1,07,July,3,Third,1998,07/01/1998
19980702,7/2/1998,02,2nd,Thursday,1,183,27,1,07,July,3,Third,1998,07/02/1998
19980703,7/3/1998,03,3rd,Friday,1,184,27,1,07,July,3,Third,1998,07/03/1998
19980704,7/4/1998,04,4th,Saturday,1,185,27,1,07,July,3,Third,1998,07/04/1998
19980705,7/5/1998,05,5th,Sunday,1,186,28,2,07,July,3,Third,1998,07/05/1998
19980706,7/6/1998,06,6th,Monday,1,187,28,2,07,July,3,Third,1998,07/06/1998
19980707,7/7/1998,07,7th,Tuesday,1,188,28,2,07,July,3,Third,1998,07/07/1998
19980708,7/8/1998,08,8th,Wednesday,2,189,28,2,07,July,3,Third,1998,07/08/1998
19980709,7/9/1998,09,9th,Thursday,2,190,28,2,07,July,3,Third,1998,07/09/1998
19980710,7/10/1998,10,10th,Friday,2,191,28,2,07,July,3,Third,1998,07/10/1998
19980711,7/11/1998,11,11th,Saturday,2,192,28,2,07,July,3,Third,1998,07/11/1998
19980712,7/12/1998,12,12th,Sunday,2,193,29,3,07,July,3,Third,1998,07/12/1998
19980713,7/13/1998,13,13th,Monday,2,194,29,3,07,July,3,Third,1998,07/13/1998
19980714,7/14/1998,14,14th,Tuesday,2,195,29,3,07,July,3,Third,1998,07/14/1998
19980715,7/15/1998,15,15th,Wednesday,3,196,29,3,07,July,3,Third,1998,07/15/1998
19980716,7/16/1998,16,16th,Thursday,3,197,29,3,07,July,3,Third,1998,07/16/1998
19980717,7/17/1998,17,17th,Friday,3,198,29,3,07,July,3,Third,1998,07/17/1998
19980718,7/18/1998,18,18th,Saturday,3,199,29,3,07,July,3,Third,1998,07/18/1998
19980719,7/19/1998,19,19th,Sunday,3,200,30,4,07,July,3,Third,1998,07/19/1998
19980720,7/20/1998,20,20th,Monday,3,201,30,4,07,July,3,Third,1998,07/20/1998
19980721,7/21/1998,21,21st,Tuesday,3,202,30,4,07,July,3,Third,1998,07/21/1998
19980722,7/22/1998,22,22nd,Wednesday,4,203,30,4,07,July,3,Third,1998,07/22/1998
19980723,7/23/1998,23,23rd,Thursday,4,204,30,4,07,July,3,Third,1998,07/23/1998
19980724,7/24/1998,24,24th,Friday,4,205,30,4,07,July,3,Third,1998,07/24/1998
19980725,7/25/1998,25,25th,Saturday,4,206,30,4,07,July,3,Third,1998,07/25/1998
19980726,7/26/1998,26,26th,Sunday,4,207,31,5,07,July,3,Third,1998,07/26/1998
19980727,7/27/1998,27,27th,Monday,4,208,31,5,07,July,3,Third,1998,07/27/1998
19980728,7/28/1998,28,28th,Tuesday,4,209,31,5,07,July,3,Third,1998,07/28/1998
19980729,7/29/1998,29,29th,Wednesday,5,210,31,5,07,July,3,Third,1998,07/29/1998
19980730,7/30/1998,30,30th,Thursday,5,211,31,5,07,July,3,Third,1998,07/30/1998
19980731,7/31/1998,31,31st,Friday,5,212,31,5,07,July,3,Third,1998,07/31/1998
19980801,8/1/1998,01,1st,Saturday,1,213,31,1,08,August,3,Third,1998,08/01/1998
19980802,8/2/1998,02,2nd,Sunday,1,214,32,2,08,August,3,Third,1998,08/02/1998
19980803,8/3/1998,03,3rd,Monday,1,215,32,2,08,August,3,Third,1998,08/03/1998
19980804,8/4/1998,04,4th,Tuesday,1,216,32,2,08,August,3,Third,1998,08/04/1998
19980805,8/5/1998,05,5th,Wednesday,1,217,32,2,08,August,3,Third,1998,08/05/1998
19980806,8/6/1998,06,6th,Thursday,1,218,32,2,08,August,3,Third,1998,08/06/1998
19980807,8/7/1998,07,7th,Friday,1,219,32,2,08,August,3,Third,1998,08/07/1998
19980808,8/8/1998,08,8th,Saturday,2,220,32,2,08,August,3,Third,1998,08/08/1998
19980809,8/9/1998,09,9th,Sunday,2,221,33,3,08,August,3,Third,1998,08/09/1998
19980810,8/10/1998,10,10th,Monday,2,222,33,3,08,August,3,Third,1998,08/10/1998
19980811,8/11/1998,11,11th,Tuesday,2,223,33,3,08,August,3,Third,1998,08/11/1998
19980812,8/12/1998,12,12th,Wednesday,2,224,33,3,08,August,3,Third,1998,08/12/1998
19980813,8/13/1998,13,13th,Thursday,2,225,33,3,08,August,3,Third,1998,08/13/1998
19980814,8/14/1998,14,14th,Friday,2,226,33,3,08,August,3,Third,1998,08/14/1998
19980815,8/15/1998,15,15th,Saturday,3,227,33,3,08,August,3,Third,1998,08/15/1998
19980816,8/16/1998,16,16th,Sunday,3,228,34,4,08,August,3,Third,1998,08/16/1998
19980817,8/17/1998,17,17th,Monday,3,229,34,4,08,August,3,Third,1998,08/17/1998
19980818,8/18/1998,18,18th,Tuesday,3,230,34,4,08,August,3,Third,1998,08/18/1998
19980819,8/19/1998,19,19th,Wednesday,3,231,34,4,08,August,3,Third,1998,08/19/1998
19980820,8/20/1998,20,20th,Thursday,3,232,34,4,08,August,3,Third,1998,08/20/1998
19980821,8/21/1998,21,21st,Friday,3,233,34,4,08,August,3,Third,1998,08/21/1998
19980822,8/22/1998,22,22nd,Saturday,4,234,34,4,08,August,3,Third,1998,08/22/1998
19980823,8/23/1998,23,23rd,Sunday,4,235,35,5,08,August,3,Third,1998,08/23/1998
19980824,8/24/1998,24,24th,Monday,4,236,35,5,08,August,3,Third,1998,08/24/1998
19980825,8/25/1998,25,25th,Tuesday,4,237,35,5,08,August,3,Third,1998,08/25/1998
19980826,8/26/1998,26,26th,Wednesday,4,238,35,5,08,August,3,Third,1998,08/26/1998
19980827,8/27/1998,27,27th,Thursday,4,239,35,5,08,August,3,Third,1998,08/27/1998
19980828,8/28/1998,28,28th,Friday,4,240,35,5,08,August,3,Third,1998,08/28/1998
19980829,8/29/1998,29,29th,Saturday,5,241,35,5,08,August,3,Third,1998,08/29/1998
19980830,8/30/1998,30,30th,Sunday,5,242,36,6,08,August,3,Third,1998,08/30/1998
19980831,8/31/1998,31,31st,Monday,5,243,36,6,08,August,3,Third,1998,08/31/1998
19980901,9/1/1998,01,1st,Tuesday,1,244,36,1,09,September,3,Third,1998,09/01/1998
19980902,9/2/1998,02,2nd,Wednesday,1,245,36,1,09,September,3,Third,1998,09/02/1998
19980903,9/3/1998,03,3rd,Thursday,1,246,36,1,09,September,3,Third,1998,09/03/1998
19980904,9/4/1998,04,4th,Friday,1,247,36,1,09,September,3,Third,1998,09/04/1998
19980905,9/5/1998,05,5th,Saturday,1,248,36,1,09,September,3,Third,1998,09/05/1998
19980906,9/6/1998,06,6th,Sunday,1,249,37,2,09,September,3,Third,1998,09/06/1998
19980907,9/7/1998,07,7th,Monday,1,250,37,2,09,September,3,Third,1998,09/07/1998
19980908,9/8/1998,08,8th,Tuesday,2,251,37,2,09,September,3,Third,1998,09/08/1998
19980909,9/9/1998,09,9th,Wednesday,2,252,37,2,09,September,3,Third,1998,09/09/1998
19980910,9/10/1998,10,10th,Thursday,2,253,37,2,09,September,3,Third,1998,09/10/1998
19980911,9/11/1998,11,11th,Friday,2,254,37,2,09,September,3,Third,1998,09/11/1998
19980912,9/12/1998,12,12th,Saturday,2,255,37,2,09,September,3,Third,1998,09/12/1998
19980913,9/13/1998,13,13th,Sunday,2,256,38,3,09,September,3,Third,1998,09/13/1998
19980914,9/14/1998,14,14th,Monday,2,257,38,3,09,September,3,Third,1998,09/14/1998
19980915,9/15/1998,15,15th,Tuesday,3,258,38,3,09,September,3,Third,1998,09/15/1998
19980916,9/16/1998,16,16th,Wednesday,3,259,38,3,09,September,3,Third,1998,09/16/1998
19980917,9/17/1998,17,17th,Thursday,3,260,38,3,09,September,3,Third,1998,09/17/1998
19980918,9/18/1998,18,18th,Friday,3,261,38,3,09,September,3,Third,1998,09/18/1998
19980919,9/19/1998,19,19th,Saturday,3,262,38,3,09,September,3,Third,1998,09/19/1998
19980920,9/20/1998,20,20th,Sunday,3,263,39,4,09,September,3,Third,1998,09/20/1998
19980921,9/21/1998,21,21st,Monday,3,264,39,4,09,September,3,Third,1998,09/21/1998
19980922,9/22/1998,22,22nd,Tuesday,4,265,39,4,09,September,3,Third,1998,09/22/1998
19980923,9/23/1998,23,23rd,Wednesday,4,266,39,4,09,September,3,Third,1998,09/23/1998
19980924,9/24/1998,24,24th,Thursday,4,267,39,4,09,September,3,Third,1998,09/24/1998
19980925,9/25/1998,25,25th,Friday,4,268,39,4,09,September,3,Third,1998,09/25/1998
19980926,9/26/1998,26,26th,Saturday,4,269,39,4,09,September,3,Third,1998,09/26/1998
19980927,9/27/1998,27,27th,Sunday,4,270,40,5,09,September,3,Third,1998,09/27/1998
19980928,9/28/1998,28,28th,Monday,4,271,40,5,09,September,3,Third,1998,09/28/1998
19980929,9/29/1998,29,29th,Tuesday,5,272,40,5,09,September,3,Third,1998,09/29/1998
19980930,9/30/1998,30,30th,Wednesday,5,273,40,5,09,September,3,Third,1998,09/30/1998
19981001,10/1/1998,01,1st,Thursday,1,274,40,1,10,October,4,Fourth,1998,10/01/1998
19981002,10/2/1998,02,2nd,Friday,1,275,40,1,10,October,4,Fourth,1998,10/02/1998
19981003,10/3/1998,03,3rd,Saturday,1,276,40,1,10,October,4,Fourth,1998,10/03/1998
19981004,10/4/1998,04,4th,Sunday,1,277,41,2,10,October,4,Fourth,1998,10/04/1998
19981005,10/5/1998,05,5th,Monday,1,278,41,2,10,October,4,Fourth,1998,10/05/1998
19981006,10/6/1998,06,6th,Tuesday,1,279,41,2,10,October,4,Fourth,1998,10/06/1998
19981007,10/7/1998,07,7th,Wednesday,1,280,41,2,10,October,4,Fourth,1998,10/07/1998
19981008,10/8/1998,08,8th,Thursday,2,281,41,2,10,October,4,Fourth,1998,10/08/1998
19981009,10/9/1998,09,9th,Friday,2,282,41,2,10,October,4,Fourth,1998,10/09/1998
19981010,10/10/1998,10,10th,Saturday,2,283,41,2,10,October,4,Fourth,1998,10/10/1998
19981011,10/11/1998,11,11th,Sunday,2,284,42,3,10,October,4,Fourth,1998,10/11/1998
19981012,10/12/1998,12,12th,Monday,2,285,42,3,10,October,4,Fourth,1998,10/12/1998
19981013,10/13/1998,13,13th,Tuesday,2,286,42,3,10,October,4,Fourth,1998,10/13/1998
19981014,10/14/1998,14,14th,Wednesday,2,287,42,3,10,October,4,Fourth,1998,10/14/1998
19981015,10/15/1998,15,15th,Thursday,3,288,42,3,10,October,4,Fourth,1998,10/15/1998
19981016,10/16/1998,16,16th,Friday,3,289,42,3,10,October,4,Fourth,1998,10/16/1998
19981017,10/17/1998,17,17th,Saturday,3,290,42,3,10,October,4,Fourth,1998,10/17/1998
19981018,10/18/1998,18,18th,Sunday,3,291,43,4,10,October,4,Fourth,1998,10/18/1998
19981019,10/19/1998,19,19th,Monday,3,292,43,4,10,October,4,Fourth,1998,10/19/1998
19981020,10/20/1998,20,20th,Tuesday,3,293,43,4,10,October,4,Fourth,1998,10/20/1998
19981021,10/21/1998,21,21st,Wednesday,3,294,43,4,10,October,4,Fourth,1998,10/21/1998
19981022,10/22/1998,22,22nd,Thursday,4,295,43,4,10,October,4,Fourth,1998,10/22/1998
19981023,10/23/1998,23,23rd,Friday,4,296,43,4,10,October,4,Fourth,1998,10/23/1998
19981024,10/24/1998,24,24th,Saturday,4,297,43,4,10,October,4,Fourth,1998,10/24/1998
19981025,10/25/1998,25,25th,Sunday,4,298,44,5,10,October,4,Fourth,1998,10/25/1998
19981026,10/26/1998,26,26th,Monday,4,299,44,5,10,October,4,Fourth,1998,10/26/1998
19981027,10/27/1998,27,27th,Tuesday,4,300,44,5,10,October,4,Fourth,1998,10/27/1998
19981028,10/28/1998,28,28th,Wednesday,4,301,44,5,10,October,4,Fourth,1998,10/28/1998
19981029,10/29/1998,29,29th,Thursday,5,302,44,5,10,October,4,Fourth,1998,10/29/1998
19981030,10/30/1998,30,30th,Friday,5,303,44,5,10,October,4,Fourth,1998,10/30/1998
19981031,10/31/1998,31,31st,Saturday,5,304,44,5,10,October,4,Fourth,1998,10/31/1998
19981101,11/1/1998,01,1st,Sunday,1,305,45,1,11,November,4,Fourth,1998,11/01/1998
19981102,11/2/1998,02,2nd,Monday,1,306,45,1,11,November,4,Fourth,1998,11/02/1998
19981103,11/3/1998,03,3rd,Tuesday,1,307,45,1,11,November,4,Fourth,1998,11/03/1998
19981104,11/4/1998,04,4th,Wednesday,1,308,45,1,11,November,4,Fourth,1998,11/04/1998
19981105,11/5/1998,05,5th,Thursday,1,309,45,1,11,November,4,Fourth,1998,11/05/1998
19981106,11/6/1998,06,6th,Friday,1,310,45,1,11,November,4,Fourth,1998,11/06/1998
19981107,11/7/1998,07,7th,Saturday,1,311,45,1,11,November,4,Fourth,1998,11/07/1998
19981108,11/8/1998,08,8th,Sunday,2,312,46,2,11,November,4,Fourth,1998,11/08/1998
19981109,11/9/1998,09,9th,Monday,2,313,46,2,11,November,4,Fourth,1998,11/09/1998
19981110,11/10/1998,10,10th,Tuesday,2,314,46,2,11,November,4,Fourth,1998,11/10/1998
19981111,11/11/1998,11,11th,Wednesday,2,315,46,2,11,November,4,Fourth,1998,11/11/1998
19981112,11/12/1998,12,12th,Thursday,2,316,46,2,11,November,4,Fourth,1998,11/12/1998
19981113,11/13/1998,13,13th,Friday,2,317,46,2,11,November,4,Fourth,1998,11/13/1998
19981114,11/14/1998,14,14th,Saturday,2,318,46,2,11,November,4,Fourth,1998,11/14/1998
19981115,11/15/1998,15,15th,Sunday,3,319,47,3,11,November,4,Fourth,1998,11/15/1998
19981116,11/16/1998,16,16th,Monday,3,320,47,3,11,November,4,Fourth,1998,11/16/1998
19981117,11/17/1998,17,17th,Tuesday,3,321,47,3,11,November,4,Fourth,1998,11/17/1998
19981118,11/18/1998,18,18th,Wednesday,3,322,47,3,11,November,4,Fourth,1998,11/18/1998
19981119,11/19/1998,19,19th,Thursday,3,323,47,3,11,November,4,Fourth,1998,11/19/1998
19981120,11/20/1998,20,20th,Friday,3,324,47,3,11,November,4,Fourth,1998,11/20/1998
19981121,11/21/1998,21,21st,Saturday,3,325,47,3,11,November,4,Fourth,1998,11/21/1998
19981122,11/22/1998,22,22nd,Sunday,4,326,48,4,11,November,4,Fourth,1998,11/22/1998
19981123,11/23/1998,23,23rd,Monday,4,327,48,4,11,November,4,Fourth,1998,11/23/1998
19981124,11/24/1998,24,24th,Tuesday,4,328,48,4,11,November,4,Fourth,1998,11/24/1998
19981125,11/25/1998,25,25th,Wednesday,4,329,48,4,11,November,4,Fourth,1998,11/25/1998
19981126,11/26/1998,26,26th,Thursday,4,330,48,4,11,November,4,Fourth,1998,11/26/1998
19981127,11/27/1998,27,27th,Friday,4,331,48,4,11,November,4,Fourth,1998,11/27/1998
19981128,11/28/1998,28,28th,Saturday,4,332,48,4,11,November,4,Fourth,1998,11/28/1998
19981129,11/29/1998,29,29th,Sunday,5,333,49,5,11,November,4,Fourth,1998,11/29/1998
19981130,11/30/1998,30,30th,Monday,5,334,49,5,11,November,4,Fourth,1998,11/30/1998
19981201,12/1/1998,01,1st,Tuesday,1,335,49,1,12,December,4,Fourth,1998,12/01/1998
19981202,12/2/1998,02,2nd,Wednesday,1,336,49,1,12,December,4,Fourth,1998,12/02/1998
19981203,12/3/1998,03,3rd,Thursday,1,337,49,1,12,December,4,Fourth,1998,12/03/1998
19981204,12/4/1998,04,4th,Friday,1,338,49,1,12,December,4,Fourth,1998,12/04/1998
19981205,12/5/1998,05,5th,Saturday,1,339,49,1,12,December,4,Fourth,1998,12/05/1998
19981206,12/6/1998,06,6th,Sunday,1,340,50,2,12,December,4,Fourth,1998,12/06/1998
19981207,12/7/1998,07,7th,Monday,1,341,50,2,12,December,4,Fourth,1998,12/07/1998
19981208,12/8/1998,08,8th,Tuesday,2,342,50,2,12,December,4,Fourth,1998,12/08/1998
19981209,12/9/1998,09,9th,Wednesday,2,343,50,2,12,December,4,Fourth,1998,12/09/1998
19981210,12/10/1998,10,10th,Thursday,2,344,50,2,12,December,4,Fourth,1998,12/10/1998
19981211,12/11/1998,11,11th,Friday,2,345,50,2,12,December,4,Fourth,1998,12/11/1998
19981212,12/12/1998,12,12th,Saturday,2,346,50,2,12,December,4,Fourth,1998,12/12/1998
19981213,12/13/1998,13,13th,Sunday,2,347,51,3,12,December,4,Fourth,1998,12/13/1998
19981214,12/14/1998,14,14th,Monday,2,348,51,3,12,December,4,Fourth,1998,12/14/1998
19981215,12/15/1998,15,15th,Tuesday,3,349,51,3,12,December,4,Fourth,1998,12/15/1998
19981216,12/16/1998,16,16th,Wednesday,3,350,51,3,12,December,4,Fourth,1998,12/16/1998
19981217,12/17/1998,17,17th,Thursday,3,351,51,3,12,December,4,Fourth,1998,12/17/1998
19981218,12/18/1998,18,18th,Friday,3,352,51,3,12,December,4,Fourth,1998,12/18/1998
19981219,12/19/1998,19,19th,Saturday,3,353,51,3,12,December,4,Fourth,1998,12/19/1998
19981220,12/20/1998,20,20th,Sunday,3,354,52,4,12,December,4,Fourth,1998,12/20/1998
19981221,12/21/1998,21,21st,Monday,3,355,52,4,12,December,4,Fourth,1998,12/21/1998
19981222,12/22/1998,22,22nd,Tuesday,4,356,52,4,12,December,4,Fourth,1998,12/22/1998
19981223,12/23/1998,23,23rd,Wednesday,4,357,52,4,12,December,4,Fourth,1998,12/23/1998
19981224,12/24/1998,24,24th,Thursday,4,358,52,4,12,December,4,Fourth,1998,12/24/1998
19981225,12/25/1998,25,25th,Friday,4,359,52,4,12,December,4,Fourth,1998,12/25/1998
19981226,12/26/1998,26,26th,Saturday,4,360,52,4,12,December,4,Fourth,1998,12/26/1998
19981227,12/27/1998,27,27th,Sunday,4,361,53,5,12,December,4,Fourth,1998,12/27/1998
19981228,12/28/1998,28,28th,Monday,4,362,53,5,12,December,4,Fourth,1998,12/28/1998
19981229,12/29/1998,29,29th,Tuesday,5,363,53,5,12,December,4,Fourth,1998,12/29/1998
19981230,12/30/1998,30,30th,Wednesday,5,364,53,5,12,December,4,Fourth,1998,12/30/1998
19981231,12/31/1998,31,31st,Thursday,5,365,53,5,12,December,4,Fourth,1998,12/31/1998
